TIMESTAMP,signal_4_Avg(1),signal_4_Avg(2),signal_4_Avg(3),signal_4_Avg(4),signal_4_Avg(5),signal_4_Avg(6),signal_4_Avg(7),signal_4_Avg(8),signal_4_Avg(9),signal_4_Avg(10),signal_4_Avg(11)
4/6/16 9:00,44.06,40.75,34.62,41.99,30.46,0.923,0.168,0.235,0.067,43.99,0.235
4/6/16 9:00,44.06,40.75,34.62,41.99,30.46,0.923,0.168,0.235,0.067,43.99,0.235
4/6/16 10:00,43.97,40.72,33.8,41.96,30.42,0.957,0.168,0.235,0.067,43.28,0.235
4/8/16 16:00,43.53,39.77,34.75,42.31,30.86,0.923,0.168,0.235,0.067,36.9,0.235
4/8/16 17:00,43.41,39.82,34.5,42.32,30.73,0.962,0.168,0.235,0.067,34.83,0.235
4/8/16 18:00,43.49,39.84,34.53,42.33,30.73,0.912,0.168,0.235,0.067,30.69,0.235
4/8/16 19:00,43.7,39.84,34.72,42.43,30.68,0.906,0.168,0.235,0.067,30.07,0.235
4/8/16 20:00,43.87,39.82,34.86,42.57,30.61,0.906,0.168,0.235,0.067,30.91,0.235
4/8/16 21:00,43.94,39.84,34.88,42.65,30.62,0.89,0.168,0.235,0.067,40.73,0.235
4/8/16 22:00,43.99,39.85,34.85,42.65,30.59,0.873,0.168,0.235,0.067,39.38,0.235
4/8/16 23:00,44.1,39.95,34.77,42.63,30.6,0.867,0.168,0.235,0.073,41.74,0.235
4/9/16 0:00,44.28,40.27,34.66,42.78,30.55,0.856,0.168,0.235,0.073,40.1,0.235
4/9/16 1:00,44.48,40.66,34.62,43.17,30.55,0.839,0.168,0.235,0.078,29.91,0.235
4/9/16 2:00,44.64,40.87,34.54,43.45,30.49,0.839,0.168,0.235,0.084,36.41,0.235
4/9/16 3:00,44.77,40.92,34.39,43.58,30.45,0.839,0.168,0.235,0.067,55.07,0.235
4/9/16 4:00,44.94,40.92,34.35,43.67,30.41,0.839,0.168,0.235,0.073,54.05,0.235
4/9/16 5:00,45.14,40.92,34.31,43.63,30.41,0.839,0.168,0.235,0.084,53.31,0.235
4/9/16 6:00,45.4,40.93,34.36,43.56,30.41,0.839,0.168,0.235,0.084,53.41,0.235
4/11/16 11:00,45.53,41.08,35.65,43.25,31.65,0.94,0.168,0.235,0.067,53.8,0.235
4/11/16 12:00,45.33,40.9,35.26,43.12,31.57,0.923,0.168,0.235,0.067,55.98,0.235
4/11/16 13:00,45.28,40.76,35.09,43.07,31.45,0.906,0.168,0.235,0.067,57.95,0.235
4/11/16 14:00,45.29,40.65,34.83,43.14,31.33,0.89,0.168,0.235,0.067,57.19,0.235
4/11/16 15:00,45.29,40.65,34.74,43.29,31.25,0.873,0.168,0.235,0.067,57.08,0.235
4/11/16 16:00,45.42,40.76,34.71,43.49,31.18,0.856,0.168,0.235,0.067,57.18,0.235
4/12/16 9:00,44.22,40.06,34.37,42.68,31.41,0.907,0.168,0.235,0.067,53.24,0.235
4/12/16 10:00,44.09,39.96,34.2,42.56,31.27,0.951,0.168,0.235,0.067,51.97,0.235
4/12/16 11:00,44.17,39.93,34.13,42.54,31.24,0.906,0.168,0.235,0.067,54.37,0.235
4/12/16 12:00,44.34,40,34.28,42.69,31.22,0.884,0.168,0.235,0.067,59.37,0.235
4/12/16 13:00,44.49,40.16,34.21,42.91,31.15,0.862,0.168,0.235,0.067,62.24,0.235
4/12/16 14:00,44.56,40.13,34.26,43.08,31.09,0.839,0.168,0.235,0.067,57.66,0.235
4/12/16 15:00,44.61,40.06,34.23,43.18,31.05,0.839,0.168,0.235,0.067,58.04,0.235
4/13/16 10:00,44.12,39.89,34.34,42.67,31.01,0.927,0.168,0.235,0.067,39.37,0.235
4/13/16 11:00,44.17,39.85,34.17,42.56,30.94,0.923,0.168,0.235,0.067,46.87,0.235
4/13/16 12:00,44.37,39.93,34.14,42.59,30.83,0.906,0.168,0.235,0.067,65.32,0.235
4/13/16 13:00,44.71,40.08,34.1,42.86,30.77,0.889,0.168,0.235,0.067,65.97,0.235
4/13/16 14:00,45.13,40.18,34.06,43.16,30.73,0.85,0.168,0.235,0.067,86,0.235
4/13/16 15:00,45.45,40.18,34.13,43.45,30.71,0.839,0.168,0.235,0.067,105.9,0.235
4/13/16 16:00,45.7,40.24,34.25,43.71,30.71,0.839,0.168,0.235,0.067,137.8,0.235
4/14/16 9:00,44.16,39.51,34.39,42.58,31.38,0.839,0.168,0.235,0.067,57.89,0.235
4/14/16 10:00,43.96,39.38,33.99,42.53,31.25,0.934,0.168,0.235,0.067,88.7,0.235
4/6/16 9:00,44.06,40.75,34.62,41.99,30.46,0.923,0.168,0.235,0.067,43.99,0.235
4/6/16 10:00,43.97,40.72,33.8,41.96,30.42,0.957,0.168,0.235,0.067,43.28,0.235
4/8/16 16:00,43.53,39.77,34.75,42.31,30.86,0.923,0.168,0.235,0.067,36.9,0.235
4/8/16 17:00,43.41,39.82,34.5,42.32,30.73,0.962,0.168,0.235,0.067,34.83,0.235
4/8/16 18:00,43.49,39.84,34.53,42.33,30.73,0.912,0.168,0.235,0.067,30.69,0.235
4/8/16 19:00,43.7,39.84,34.72,42.43,30.68,0.906,0.168,0.235,0.067,30.07,0.235
4/8/16 20:00,43.87,39.82,34.86,42.57,30.61,0.906,0.168,0.235,0.067,30.91,0.235
4/8/16 21:00,43.94,39.84,34.88,42.65,30.62,0.89,0.168,0.235,0.067,40.73,0.235
4/8/16 22:00,43.99,39.85,34.85,42.65,30.59,0.873,0.168,0.235,0.067,39.38,0.235
4/8/16 23:00,44.1,39.95,34.77,42.63,30.6,0.867,0.168,0.235,0.073,41.74,0.235
4/9/16 0:00,44.28,40.27,34.66,42.78,30.55,0.856,0.168,0.235,0.073,40.1,0.235
4/9/16 1:00,44.48,40.66,34.62,43.17,30.55,0.839,0.168,0.235,0.078,29.91,0.235
4/9/16 2:00,44.64,40.87,34.54,43.45,30.49,0.839,0.168,0.235,0.084,36.41,0.235
4/9/16 3:00,44.77,40.92,34.39,43.58,30.45,0.839,0.168,0.235,0.067,55.07,0.235
4/9/16 4:00,44.94,40.92,34.35,43.67,30.41,0.839,0.168,0.235,0.073,54.05,0.235
4/9/16 5:00,45.14,40.92,34.31,43.63,30.41,0.839,0.168,0.235,0.084,53.31,0.235
4/9/16 6:00,45.4,40.93,34.36,43.56,30.41,0.839,0.168,0.235,0.084,53.41,0.235
4/11/16 11:00,45.53,41.08,35.65,43.25,31.65,0.94,0.168,0.235,0.067,53.8,0.235
4/11/16 12:00,45.33,40.9,35.26,43.12,31.57,0.923,0.168,0.235,0.067,55.98,0.235
4/11/16 13:00,45.28,40.76,35.09,43.07,31.45,0.906,0.168,0.235,0.067,57.95,0.235
4/11/16 14:00,45.29,40.65,34.83,43.14,31.33,0.89,0.168,0.235,0.067,57.19,0.235
4/11/16 15:00,45.29,40.65,34.74,43.29,31.25,0.873,0.168,0.235,0.067,57.08,0.235
4/11/16 16:00,45.42,40.76,34.71,43.49,31.18,0.856,0.168,0.235,0.067,57.18,0.235
4/12/16 9:00,44.22,40.06,34.37,42.68,31.41,0.907,0.168,0.235,0.067,53.24,0.235
4/12/16 10:00,44.09,39.96,34.2,42.56,31.27,0.951,0.168,0.235,0.067,51.97,0.235
4/12/16 11:00,44.17,39.93,34.13,42.54,31.24,0.906,0.168,0.235,0.067,54.37,0.235
4/12/16 12:00,44.34,40,34.28,42.69,31.22,0.884,0.168,0.235,0.067,59.37,0.235
4/12/16 13:00,44.49,40.16,34.21,42.91,31.15,0.862,0.168,0.235,0.067,62.24,0.235
4/12/16 14:00,44.56,40.13,34.26,43.08,31.09,0.839,0.168,0.235,0.067,57.66,0.235
4/12/16 15:00,44.61,40.06,34.23,43.18,31.05,0.839,0.168,0.235,0.067,58.04,0.235
4/13/16 10:00,44.12,39.89,34.34,42.67,31.01,0.927,0.168,0.235,0.067,39.37,0.235
4/13/16 11:00,44.17,39.85,34.17,42.56,30.94,0.923,0.168,0.235,0.067,46.87,0.235
4/13/16 12:00,44.37,39.93,34.14,42.59,30.83,0.906,0.168,0.235,0.067,65.32,0.235
4/13/16 13:00,44.71,40.08,34.1,42.86,30.77,0.889,0.168,0.235,0.067,65.97,0.235
4/13/16 14:00,45.13,40.18,34.06,43.16,30.73,0.85,0.168,0.235,0.067,86,0.235
4/13/16 15:00,45.45,40.18,34.13,43.45,30.71,0.839,0.168,0.235,0.067,105.9,0.235
4/13/16 16:00,45.7,40.24,34.25,43.71,30.71,0.839,0.168,0.235,0.067,137.8,0.235
4/14/16 9:00,44.16,39.51,34.39,42.58,31.38,0.839,0.168,0.235,0.067,57.89,0.235
4/14/16 10:00,43.96,39.38,33.99,42.53,31.25,0.934,0.168,0.235,0.067,88.7,0.235
4/14/16 11:00,43.92,39.31,33.9,42.37,31.11,0.906,0.168,0.235,0.067,NAN,0.235
4/14/16 12:00,44.04,39.4,33.84,42.43,30.91,0.884,0.168,0.235,0.067,NAN,0.235
4/14/16 13:00,44.27,39.53,33.87,42.58,30.83,0.839,0.168,0.235,0.067,NAN,0.235
4/14/16 14:00,44.59,39.57,33.92,42.79,30.77,0.839,0.168,0.235,0.067,NAN,0.235
4/14/16 16:00,45.47,39.84,34.3,43.66,30.84,0.805,0.168,0.235,0.067,NAN,0.235
4/14/16 17:00,45.48,39.81,34.26,43.77,30.84,0.839,0.168,0.235,0.067,NAN,0.235
4/14/16 18:00,45.64,39.88,34.33,43.97,30.84,0.839,0.168,0.235,0.067,NAN,0.235
4/14/16 19:00,45.8,39.93,34.37,44.11,30.91,0.839,0.168,0.235,0.067,NAN,0.235
4/14/16 20:00,45.81,39.97,34.33,44.15,30.96,0.839,0.168,0.235,0.067,NAN,0.235
4/14/16 21:00,45.75,40,34.23,44.11,31.03,0.839,0.168,0.235,0.067,NAN,0.235
4/14/16 22:00,45.66,40.05,34.1,43.98,31.09,0.839,0.168,0.235,0.067,NAN,0.235
4/14/16 23:00,45.58,40.11,34.05,43.82,31.12,0.839,0.168,0.235,0.067,NAN,0.235
4/15/16 0:00,45.49,40.16,33.99,43.64,31.12,0.839,0.168,0.235,0.067,NAN,0.235
4/15/16 1:00,45.42,40.19,33.97,43.47,31.1,0.839,0.168,0.235,0.067,NAN,0.235
4/15/16 2:00,45.37,40.25,33.93,43.31,31.07,0.839,0.168,0.235,0.067,NAN,0.235
4/15/16 3:00,45.3,40.25,33.84,43.16,31.03,0.839,0.168,0.235,0.067,NAN,0.235
4/15/16 4:00,45.25,40.26,33.88,43.04,31.01,0.839,0.168,0.235,0.067,NAN,0.235
4/15/16 5:00,45.22,40.32,33.85,42.94,30.99,0.839,0.168,0.235,0.067,NAN,0.235
4/15/16 6:00,45.23,40.39,33.85,42.88,30.96,0.839,0.168,0.235,0.067,NAN,0.235
4/15/16 7:00,45.23,40.46,33.88,42.83,30.96,0.839,0.168,0.235,0.067,NAN,0.235
4/15/16 8:00,45.25,40.51,33.9,42.81,30.98,0.839,0.168,0.235,0.067,NAN,0.235
4/15/16 9:00,45.31,40.52,33.93,42.81,31.17,0.834,0.168,0.235,0.067,NAN,0.235
4/15/16 10:00,45.41,40.57,34.01,42.83,31.33,0.8,0.168,0.235,0.067,NAN,0.235
4/15/16 11:00,45.45,40.58,33.99,42.89,31.43,0.839,0.168,0.235,0.067,NAN,0.235
4/15/16 12:00,45.6,40.63,34.02,42.95,31.6,0.839,0.168,0.235,0.067,NAN,0.235
4/15/16 13:00,45.78,40.64,34.06,43.11,31.74,0.839,0.168,0.235,0.067,NAN,0.235
4/15/16 14:00,46.05,40.66,34.11,43.35,31.85,0.839,0.168,0.235,0.067,NAN,0.235
4/15/16 15:00,46.3,40.71,34.22,43.63,31.99,0.839,0.168,0.235,0.067,NAN,0.235
4/15/16 16:00,46.5,40.76,34.33,43.89,32.09,0.839,0.168,0.235,0.067,NAN,0.235
4/15/16 17:00,46.67,40.84,34.48,44.1,32.21,0.833,0.168,0.235,0.067,NAN,0.235
4/15/16 18:00,46.77,40.93,34.49,44.27,32.3,0.839,0.168,0.235,0.067,NAN,0.235
4/15/16 19:00,46.87,41.03,34.6,44.39,32.41,0.839,0.168,0.235,0.067,NAN,0.235
4/15/16 20:00,46.86,41.05,34.59,44.46,32.51,0.839,0.168,0.235,0.067,NAN,0.235
4/15/16 21:00,46.72,41.12,34.54,44.39,32.59,0.839,0.168,0.235,0.067,NAN,0.235
4/15/16 22:00,46.55,41.2,34.47,44.22,32.65,0.839,0.168,0.235,0.067,NAN,0.235
4/15/16 23:00,46.43,41.31,34.45,44,32.67,0.839,0.168,0.235,0.067,NAN,0.235
4/16/16 0:00,46.43,41.4,34.45,43.83,32.7,0.839,0.168,0.235,0.067,NAN,0.235
4/16/16 1:00,46.37,41.42,34.47,43.69,32.71,0.839,0.168,0.235,0.067,NAN,0.235
4/16/16 2:00,46.36,41.41,34.44,43.6,32.7,0.839,0.168,0.235,0.067,NAN,0.235
4/16/16 3:00,46.35,41.42,34.45,43.52,32.72,0.834,0.168,0.235,0.067,NAN,0.235
4/16/16 4:00,46.38,41.48,34.51,43.49,32.74,0.795,0.168,0.235,0.067,NAN,0.235
4/16/16 5:00,46.39,41.53,34.49,43.51,32.74,0.828,0.168,0.235,0.067,NAN,0.235
4/16/16 6:00,46.43,41.58,34.51,43.49,32.74,0.839,0.168,0.235,0.067,NAN,0.235
4/16/16 7:00,46.53,41.66,34.54,43.52,32.8,0.839,0.168,0.235,0.067,NAN,0.235
4/16/16 8:00,46.63,41.73,34.58,43.56,32.86,0.839,0.168,0.235,0.067,NAN,0.235
4/16/16 9:00,46.71,41.76,34.59,43.65,32.92,0.839,0.168,0.235,0.067,NAN,0.235
4/16/16 10:00,46.8,41.8,34.62,43.62,32.97,0.834,0.168,0.235,0.067,NAN,0.235
4/16/16 11:00,46.9,41.85,34.64,43.64,33.05,0.817,0.168,0.235,0.067,NAN,0.235
4/16/16 12:00,47.02,41.87,34.64,43.73,33.11,0.828,0.168,0.235,0.067,NAN,0.235
4/16/16 13:00,47.22,41.92,34.7,43.92,33.17,0.811,0.168,0.235,0.067,NAN,0.235
4/16/16 14:00,47.32,41.9,34.76,44.13,33.19,0.822,0.168,0.235,0.067,NAN,0.235
4/16/16 15:00,47.43,41.91,34.83,44.31,33.19,0.817,0.168,0.235,0.067,NAN,0.235
4/16/16 16:00,47.52,41.91,34.89,44.44,33.24,0.811,0.173,0.235,0.067,NAN,0.235
4/16/16 17:00,47.59,41.92,34.97,44.56,33.26,0.833,0.168,0.235,0.067,NAN,0.235
4/16/16 18:00,47.62,41.98,34.97,44.68,33.33,0.833,0.168,0.235,0.067,NAN,0.235
4/16/16 19:00,47.62,42.02,35.02,44.74,33.4,0.828,0.168,0.235,0.067,NAN,0.235
4/16/16 20:00,47.63,42.07,35.09,44.77,33.47,0.811,0.168,0.235,0.067,NAN,0.235
4/16/16 21:00,47.63,42.13,35.11,47.29,33.53,0.806,0.168,0.235,0.067,NAN,0.235
4/16/16 22:00,47.55,42.13,35.09,45.2,33.54,0.806,0.168,0.235,0.067,NAN,0.235
4/16/16 23:00,47.44,42.14,35.05,44.68,33.54,0.806,0.168,0.235,0.067,NAN,0.235
4/17/16 0:00,47.36,42.14,35.05,44.49,33.54,0.806,0.168,0.235,0.067,NAN,0.235
4/17/16 1:00,47.27,42.14,35.01,44.36,33.51,0.806,0.168,0.235,0.067,NAN,0.235
4/17/16 2:00,47.18,42.12,34.98,44.22,33.46,0.806,0.168,0.235,0.067,NAN,0.235
4/17/16 3:00,47.11,42.07,34.93,44.11,33.41,0.812,0.168,0.235,0.067,NAN,0.235
4/17/16 4:00,47.52,42.09,34.94,44.05,33.41,0.806,0.168,0.235,0.067,NAN,0.235
4/17/16 5:00,47.93,42.14,34.97,44.02,33.41,0.806,0.168,0.235,0.067,NAN,0.235
4/17/16 6:00,47.88,42.14,34.99,44.02,33.41,0.806,0.168,0.235,0.067,NAN,0.235
4/17/16 7:00,47.86,42.2,35,44.02,33.41,0.806,0.168,0.235,0.067,NAN,0.235
4/17/16 8:00,47.91,42.23,35.04,44.02,33.47,0.806,0.168,0.235,0.067,NAN,0.235
4/17/16 9:00,47.98,42.3,35.05,44.04,33.49,0.806,0.168,0.235,0.067,NAN,0.235
4/17/16 10:00,48.04,42.33,35.07,44.07,33.52,0.806,0.168,0.235,0.067,NAN,0.235
4/17/16 11:00,48.04,42.39,35.11,44.13,33.55,0.806,0.168,0.235,0.067,NAN,0.235
4/17/16 12:00,48.09,42.44,35.16,44.21,33.61,0.806,0.168,0.235,0.067,NAN,0.235
4/17/16 13:00,48.12,42.48,35.17,44.32,33.66,0.811,0.168,0.235,0.067,NAN,0.235
4/17/16 14:00,48.16,42.54,35.18,44.43,33.73,0.805,0.168,0.235,0.067,NAN,0.235
4/17/16 15:00,48.19,42.59,35.24,44.52,33.77,0.805,0.168,0.235,0.067,NAN,0.235
4/17/16 16:00,48.22,42.65,35.29,44.63,33.8,0.805,0.168,0.235,0.067,NAN,0.235
4/17/16 17:00,48.18,42.66,35.33,44.69,33.86,0.805,0.168,0.235,0.067,NAN,0.235
4/17/16 18:00,48.16,42.66,35.37,44.75,33.87,0.805,0.168,0.235,0.067,NAN,0.235
4/17/16 19:00,48.17,42.7,35.39,44.8,33.93,0.806,0.168,0.235,0.067,NAN,0.235
4/17/16 20:00,48.17,42.73,35.43,44.81,33.98,0.811,0.168,0.235,0.067,NAN,0.235
4/17/16 21:00,48.15,42.76,35.44,44.81,34,0.811,0.168,0.235,0.067,NAN,0.235
4/17/16 22:00,48.1,42.8,35.45,44.81,34.03,0.806,0.168,0.235,0.067,NAN,0.235
4/17/16 23:00,48.05,42.8,35.45,44.75,34.03,0.806,0.168,0.235,0.067,NAN,0.235
4/18/16 0:00,48,42.81,35.46,44.69,34.01,0.806,0.168,0.235,0.067,NAN,0.235
4/18/16 1:00,47.93,42.77,35.45,44.63,33.96,0.806,0.168,0.235,0.067,NAN,0.235
4/18/16 2:00,47.85,42.74,35.45,44.54,33.91,0.806,0.168,0.235,0.067,NAN,0.235
4/18/16 3:00,47.78,42.69,35.4,44.47,33.86,0.806,0.168,0.235,0.067,NAN,0.235
4/18/16 4:00,47.78,42.68,35.39,44.41,33.81,0.806,0.168,0.235,0.067,NAN,0.235
4/18/16 5:00,47.78,42.68,35.39,44.36,33.81,0.806,0.168,0.235,0.067,NAN,0.235
4/18/16 6:00,47.79,42.68,35.41,44.37,33.82,0.806,0.168,0.235,0.067,NAN,0.235
4/18/16 7:00,47.84,42.75,35.44,44.47,33.82,0.806,0.168,0.235,0.067,NAN,0.235
4/18/16 8:00,47.87,42.75,35.46,44.39,33.81,0.812,0.168,0.235,0.067,NAN,0.235
4/18/16 9:00,47.91,42.74,35.47,44.39,33.81,0.806,0.168,0.235,0.067,NAN,0.235
4/18/16 10:00,47.97,42.78,35.49,44.42,33.85,0.811,0.168,0.235,0.067,NAN,0.235
4/18/16 11:00,48.03,42.8,35.46,44.5,33.87,0.839,0.168,0.235,0.067,NAN,0.235
4/18/16 12:00,48.13,42.82,35.47,44.58,33.91,0.817,0.168,0.235,0.067,NAN,0.235
4/18/16 13:00,48.22,42.81,35.48,44.69,33.95,0.822,0.168,0.235,0.067,NAN,0.235
4/18/16 14:00,48.22,42.79,35.5,44.78,34,0.811,0.168,0.235,0.067,NAN,0.235
4/18/16 15:00,48.11,42.76,35.46,44.8,34.1,0.822,0.168,0.235,0.067,NAN,0.235
4/18/16 16:00,47.97,42.72,35.41,44.74,34.15,0.839,0.168,0.235,0.067,NAN,0.235
4/18/16 17:00,47.84,42.7,35.37,44.65,34.21,0.823,0.168,0.235,0.067,NAN,0.235
4/18/16 18:00,47.73,42.68,35.32,44.57,34.25,0.811,0.168,0.235,0.067,NAN,0.235
4/18/16 19:00,47.57,42.61,35.26,44.47,34.3,0.806,0.168,0.235,0.067,NAN,0.235
4/18/16 20:00,47.4,42.54,35.19,44.36,34.29,0.806,0.168,0.235,0.067,NAN,0.235
4/18/16 21:00,47.21,42.47,35.13,44.28,34.31,0.806,0.168,0.235,0.067,NAN,0.235
4/18/16 22:00,46.98,42.37,35.06,44.17,34.31,0.806,0.168,0.235,0.067,NAN,0.235
4/18/16 23:00,46.74,42.25,34.96,44.06,34.31,0.806,0.168,0.235,0.067,NAN,0.235
4/19/16 0:00,46.54,42.15,34.87,43.98,34.26,0.806,0.168,0.235,0.067,NAN,0.235
4/19/16 1:00,46.36,42.09,34.79,43.9,34.22,0.823,0.168,0.235,0.067,NAN,0.235
4/19/16 2:00,46.26,42.1,34.75,43.83,34.19,0.806,0.168,0.235,0.067,NAN,0.235
4/19/16 3:00,46.16,42.08,34.72,43.82,34.19,0.806,0.168,0.235,0.067,NAN,0.235
4/19/16 4:00,46.07,42.03,34.67,43.78,34.12,0.806,0.168,0.235,0.067,NAN,0.235
4/19/16 5:00,46.02,41.96,34.68,43.76,34.11,0.806,0.168,0.235,0.067,NAN,0.235
4/19/16 6:00,45.97,41.88,34.66,43.74,34.05,0.806,0.168,0.235,0.067,NAN,0.235
4/19/16 7:00,45.91,41.8,34.65,43.71,34.05,0.806,0.168,0.235,0.067,NAN,0.235
4/19/16 8:00,45.88,41.73,34.64,43.69,34.04,0.806,0.168,0.235,0.067,NAN,0.235
4/19/16 9:00,45.77,41.63,34.58,43.72,34.01,0.811,0.168,0.235,0.067,NAN,0.235
4/19/16 10:00,45.75,41.51,34.59,43.59,33.97,0.806,0.168,0.235,0.067,NAN,0.235
4/19/16 11:00,45.75,41.41,34.62,43.57,33.97,0.806,0.168,0.235,0.067,NAN,0.235
4/19/16 12:00,45.69,41.29,34.61,43.7,33.97,0.806,0.168,0.235,0.067,NAN,0.235
4/19/16 13:00,45.64,41.15,34.58,43.75,33.92,0.806,0.168,0.235,0.067,NAN,0.235
4/19/16 14:00,45.56,41.02,34.58,43.8,33.9,0.806,0.168,0.235,0.067,NAN,0.235
4/19/16 15:00,45.5,40.9,34.57,43.82,33.87,0.806,0.168,0.235,0.067,NAN,0.235
4/19/16 16:00,45.37,40.8,34.49,43.84,33.81,0.806,0.168,0.235,0.067,NAN,0.235
4/19/16 17:00,45.22,40.7,34.4,43.81,33.75,0.806,0.168,0.235,0.067,NAN,0.235
4/19/16 18:00,45.06,40.63,34.4,46.91,33.71,0.783,0.168,0.235,0.067,NAN,0.235
4/19/16 19:00,44.87,40.54,34.33,44.25,33.71,0.806,0.168,0.235,0.067,NAN,0.235
4/19/16 20:00,44.68,40.43,34.26,43.71,33.71,0.806,0.168,0.235,0.067,NAN,0.235
4/19/16 21:00,44.53,40.35,34.21,43.58,33.71,0.828,0.168,0.235,0.067,NAN,0.235
4/19/16 22:00,44.4,40.29,34.14,43.48,33.75,0.839,0.168,0.235,0.067,NAN,0.235
4/19/16 23:00,44.31,40.25,34.08,43.39,33.78,0.817,0.168,0.235,0.067,NAN,0.235
4/20/16 0:00,44.26,40.2,34,43.29,33.78,0.806,0.168,0.235,0.067,NAN,0.235
4/20/16 1:00,44.22,40.15,33.94,43.19,33.74,0.806,0.168,0.235,0.067,NAN,0.235
4/20/16 2:00,44.22,40.12,33.89,43.14,33.71,0.806,0.168,0.235,0.067,NAN,0.235
4/20/16 3:00,44.19,40.12,33.84,43.08,33.71,0.806,0.168,0.235,0.067,NAN,0.235
4/20/16 4:00,44.24,40.12,33.83,43.04,33.71,0.806,0.168,0.235,0.067,NAN,0.235
4/20/16 5:00,44.28,40.12,33.8,43.04,33.68,0.806,0.168,0.235,0.067,NAN,0.235
4/20/16 6:00,44.35,40.12,33.78,43.04,33.66,0.806,0.168,0.235,0.067,NAN,0.235
4/20/16 7:00,44.39,40.12,33.79,43.04,33.64,0.806,0.168,0.235,0.067,NAN,0.235
4/20/16 8:00,44.46,40.12,33.84,43.05,33.64,0.806,0.168,0.235,0.067,NAN,0.235
4/20/16 9:00,44.52,40.12,33.84,43.07,33.58,0.806,0.168,0.235,0.067,NAN,0.235
4/20/16 10:00,44.58,40.11,33.89,43.13,33.51,0.8,0.168,0.235,0.067,NAN,0.235
4/20/16 11:00,44.71,40.11,33.95,43.26,33.47,0.806,0.168,0.235,0.067,NAN,0.235
4/20/16 12:00,44.87,40.11,34.08,43.41,33.47,0.772,0.168,0.235,0.067,NAN,0.235
4/20/16 13:00,44.9,40.06,34.09,43.58,33.39,0.794,0.168,0.235,0.067,NAN,0.235
4/20/16 14:00,44.96,39.99,34.11,43.67,33.33,0.806,0.168,0.235,0.067,NAN,0.235
4/20/16 15:00,45.05,39.98,34.11,43.73,33.27,0.806,0.168,0.235,0.067,NAN,0.235
4/20/16 16:00,45.15,39.98,34.14,43.78,33.25,0.806,0.168,0.235,0.067,NAN,0.235
4/20/16 17:00,45.33,39.98,34.18,43.86,33.2,0.806,0.168,0.235,0.067,NAN,0.235
4/20/16 18:00,45.5,40.01,34.26,43.99,33.2,0.806,0.168,0.235,0.067,NAN,0.235
4/20/16 19:00,45.6,40.05,34.31,44.09,33.2,0.806,0.168,0.235,0.067,NAN,0.235
4/20/16 20:00,45.68,40.05,34.31,44.15,33.24,0.806,0.168,0.235,0.067,NAN,0.235
4/20/16 21:00,45.69,40.1,34.32,44.14,33.26,0.806,0.168,0.235,0.067,NAN,0.235
4/20/16 22:00,45.69,40.11,34.31,44.13,33.27,0.806,0.168,0.235,0.067,NAN,0.235
4/20/16 23:00,45.69,40.18,34.31,44.08,33.28,0.806,0.168,0.235,0.067,NAN,0.235
4/21/16 0:00,45.69,40.22,34.31,44.03,33.33,0.806,0.168,0.235,0.067,NAN,0.235
4/21/16 1:00,45.73,40.25,34.28,43.98,33.33,0.806,0.168,0.235,0.067,NAN,0.235
4/21/16 2:00,45.69,40.25,34.24,43.91,33.33,0.806,0.168,0.235,0.067,NAN,0.235
4/21/16 3:00,45.69,40.32,34.23,43.85,33.33,0.806,0.168,0.235,0.067,NAN,0.235
4/21/16 4:00,45.69,40.32,34.19,43.81,33.34,0.806,0.168,0.235,0.067,NAN,0.235
4/21/16 5:00,45.69,40.33,34.19,43.75,33.39,0.811,0.168,0.235,0.067,NAN,0.235
4/21/16 6:00,45.68,40.39,34.21,43.75,33.44,0.795,0.168,0.235,0.067,NAN,0.235
4/21/16 7:00,45.58,40.4,34.21,43.75,33.44,0.789,0.168,0.235,0.067,NAN,0.235
4/21/16 8:00,45.44,40.36,34.16,43.67,33.42,0.784,0.168,0.235,0.067,NAN,0.235
4/21/16 9:00,45.33,40.31,34.12,43.58,33.4,0.795,0.168,0.235,0.067,NAN,0.235
4/21/16 10:00,45.24,40.26,34.08,43.48,33.42,0.772,0.168,0.235,0.067,NAN,0.235
4/21/16 11:00,45.08,40.15,34.04,43.49,33.41,0.795,0.168,0.235,0.067,NAN,0.235
4/21/16 12:00,44.91,40.02,34.01,43.47,33.36,0.783,0.168,0.235,0.067,NAN,0.235
4/21/16 13:00,44.88,39.9,34.02,43.49,33.33,0.789,0.168,0.235,0.067,NAN,0.235
4/21/16 14:00,44.94,39.8,34.04,43.58,33.29,0.778,0.168,0.235,0.067,NAN,0.235
4/21/16 15:00,44.95,39.71,34.08,43.71,33.22,0.778,0.168,0.235,0.067,NAN,0.235
4/21/16 16:00,45,39.71,34.11,43.85,33.2,0.778,0.168,0.235,0.067,NAN,0.235
4/21/16 17:00,45.02,39.67,34.16,43.98,33.2,0.783,0.168,0.235,0.067,NAN,0.235
4/21/16 18:00,45.08,39.64,34.17,44.1,33.2,0.794,0.168,0.235,0.067,NAN,0.235
4/21/16 19:00,45.08,39.64,34.23,44.08,33.2,0.783,0.168,0.235,0.067,NAN,0.235
4/21/16 20:00,45.13,39.64,34.24,44.09,33.2,0.794,0.168,0.235,0.067,NAN,0.235
4/21/16 21:00,45.15,39.64,34.26,44.11,33.2,0.783,0.168,0.235,0.067,NAN,0.235
4/21/16 22:00,45.15,39.64,34.25,44.09,33.2,0.789,0.168,0.235,0.067,NAN,0.235
4/21/16 23:00,45.15,39.64,34.24,44.05,33.2,0.778,0.168,0.235,0.067,NAN,0.235
4/22/16 0:00,45.22,39.65,34.22,44.01,33.19,0.794,0.168,0.235,0.067,NAN,0.235
4/22/16 1:00,45.27,39.65,34.18,44.01,33.16,0.795,0.168,0.235,0.067,NAN,0.235
4/22/16 2:00,45.3,39.65,34.17,43.99,33.13,0.8,0.168,0.235,0.067,NAN,0.235
4/22/16 3:00,45.62,39.64,34.17,44.01,33.13,0.8,0.168,0.235,0.067,NAN,0.235
4/22/16 4:00,45.62,39.66,34.17,44.01,33.12,0.8,0.168,0.235,0.067,NAN,0.235
4/22/16 5:00,45.66,39.71,34.19,44.06,33.13,0.806,0.168,0.235,0.067,NAN,0.235
4/22/16 6:00,45.68,39.71,34.23,44.08,33.13,0.806,0.168,0.235,0.067,NAN,0.235
4/22/16 7:00,45.69,39.74,34.24,44.08,33.13,0.8,0.168,0.235,0.067,NAN,0.235
4/22/16 8:00,45.72,39.79,34.24,44.08,33.19,0.789,0.168,0.235,0.067,NAN,0.235
4/22/16 9:00,45.76,39.85,34.24,44.08,33.29,0.806,0.168,0.235,0.067,NAN,0.235
4/22/16 10:00,45.76,39.92,34.25,44.06,33.31,0.806,0.168,0.235,0.067,NAN,0.235
4/22/16 11:00,45.75,39.94,34.24,46.96,33.33,0.806,0.168,0.235,0.067,NAN,0.235
4/22/16 12:00,45.75,39.99,34.24,43.86,33.36,0.8,0.168,0.235,0.067,NAN,0.235
4/22/16 13:00,45.75,40.05,34.24,43.53,33.37,0.8,0.168,0.235,0.067,NAN,0.235
4/22/16 14:00,45.73,40.05,34.22,43.48,33.37,0.8,0.168,0.235,0.067,NAN,0.235
4/22/16 15:00,45.62,40.05,34.18,43.44,33.37,0.806,0.168,0.235,0.067,NAN,0.235
4/22/16 16:00,45.55,39.99,34.19,43.44,33.37,0.806,0.168,0.235,0.067,NAN,0.235
4/22/16 17:00,45.49,39.95,34.16,43.4,33.35,0.794,0.168,0.235,0.067,NAN,0.235
4/22/16 18:00,45.46,39.96,34.14,43.4,33.38,0.783,0.168,0.235,0.067,NAN,0.235
4/22/16 19:00,45.28,39.9,34.11,43.44,33.41,0.806,0.168,0.235,0.067,NAN,0.235
4/22/16 20:00,45.1,39.83,34.11,43.44,33.43,0.806,0.168,0.235,0.067,NAN,0.235
4/22/16 21:00,44.93,39.75,34.11,43.44,33.43,0.806,0.168,0.235,0.067,NAN,0.235
4/22/16 22:00,44.71,39.65,34.06,43.42,33.43,0.806,0.168,0.235,0.067,NAN,0.235
4/22/16 23:00,44.46,39.54,33.94,43.35,33.42,0.806,0.168,0.235,0.067,NAN,0.235
4/23/16 0:00,44.19,39.38,33.77,43.26,33.37,0.806,0.168,0.235,0.067,NAN,0.235
4/23/16 1:00,43.88,39.1,33.6,43.11,33.31,0.806,0.168,0.235,0.067,NAN,0.235
4/23/16 2:00,43.59,38.77,33.4,42.96,33.24,0.806,0.168,0.235,0.067,NAN,0.235
4/23/16 3:00,43.33,38.43,33.23,42.82,33.17,0.806,0.168,0.235,0.067,NAN,0.235
4/23/16 4:00,43.08,38.16,33.04,42.7,33.17,0.806,0.168,0.235,0.067,NAN,0.235
4/23/16 5:00,42.83,37.93,32.89,42.61,33.14,0.806,0.168,0.235,0.067,NAN,0.235
4/23/16 6:00,42.6,37.72,32.72,42.49,33.09,0.806,0.168,0.235,0.067,NAN,0.235
4/23/16 7:00,42.35,37.49,32.62,42.33,33.02,0.794,0.168,0.235,0.067,NAN,0.235
4/23/16 8:00,42.1,37.23,32.52,42.17,32.95,0.783,0.168,0.235,0.067,NAN,0.235
4/23/16 9:00,41.82,36.96,32.43,42.03,32.84,0.806,0.168,0.235,0.067,NAN,0.235
4/23/16 10:00,41.62,36.79,32.43,41.89,32.78,0.806,0.168,0.235,0.067,NAN,0.235
4/23/16 11:00,41.42,36.69,32.43,41.78,32.73,0.806,0.168,0.235,0.067,NAN,0.235
4/23/16 12:00,41.23,36.7,32.44,41.73,32.69,0.806,0.168,0.235,0.067,NAN,0.235
4/23/16 13:00,41.12,36.83,32.47,41.79,32.68,0.805,0.168,0.235,0.067,NAN,0.235
4/23/16 14:00,41.13,37.07,32.47,41.9,32.6,0.805,0.168,0.235,0.067,NAN,0.235
4/23/16 15:00,41.3,37.31,32.48,42.13,32.48,0.805,0.168,0.235,0.067,NAN,0.229
4/23/16 16:00,41.6,37.48,32.56,42.37,32.4,0.805,0.168,0.235,0.067,NAN,0.235
4/23/16 17:00,41.88,37.65,32.66,42.63,32.32,0.805,0.168,0.235,0.067,NAN,0.235
4/23/16 18:00,42.1,37.95,32.75,42.84,32.28,0.805,0.168,0.235,0.067,NAN,0.235
4/23/16 19:00,42.34,38.32,32.95,42.98,32.25,0.805,0.168,0.235,0.067,NAN,0.235
4/23/16 20:00,42.59,38.59,33.05,43.08,32.26,0.805,0.168,0.235,0.067,NAN,0.235
4/23/16 21:00,42.94,38.74,33.18,43.21,32.32,0.805,0.168,0.235,0.067,NAN,0.235
4/23/16 22:00,43.2,38.76,33.27,43.33,32.33,0.806,0.168,0.235,0.067,NAN,0.235
4/23/16 23:00,43.43,38.77,33.35,43.41,32.39,0.806,0.168,0.235,0.067,NAN,0.235
4/24/16 0:00,43.6,38.77,33.34,43.41,32.44,0.806,0.168,0.235,0.067,NAN,0.235
4/24/16 1:00,43.68,38.79,33.29,43.36,32.46,0.806,0.168,0.235,0.067,NAN,0.235
4/24/16 2:00,43.74,38.87,33.22,43.29,32.47,0.806,0.168,0.235,0.067,NAN,0.235
4/24/16 3:00,43.79,38.91,33.17,43.18,32.47,0.806,0.168,0.235,0.067,NAN,0.235
4/24/16 4:00,43.81,38.91,33.12,43.11,32.47,0.806,0.168,0.235,0.067,NAN,0.235
4/24/16 5:00,43.87,38.91,33.1,43.06,32.47,0.806,0.168,0.235,0.067,NAN,0.235
4/24/16 6:00,43.87,38.91,33.1,43.02,32.46,0.806,0.168,0.235,0.067,NAN,0.235
4/24/16 7:00,43.88,38.94,33.1,42.99,32.46,0.789,0.168,0.235,0.067,NAN,0.235
4/24/16 8:00,43.95,39.01,33.13,42.93,32.44,0.789,0.168,0.235,0.067,NAN,0.235
4/24/16 9:00,44.05,39.06,33.18,42.92,32.46,0.783,0.168,0.235,0.067,NAN,0.235
4/24/16 10:00,44.25,39.13,33.24,42.96,32.5,0.794,0.168,0.235,0.067,NAN,0.235
4/24/16 11:00,44.54,39.18,33.33,43.09,32.52,0.8,0.168,0.235,0.067,NAN,0.235
4/24/16 12:00,44.83,39.25,33.41,43.24,32.46,0.794,0.168,0.235,0.067,NAN,0.235
4/24/16 13:00,45.2,39.34,33.53,43.4,32.45,0.777,0.168,0.235,0.067,NAN,0.235
4/24/16 14:00,45.57,39.42,33.7,43.67,32.45,0.805,0.168,0.235,0.067,NAN,0.235
4/24/16 15:00,45.89,39.53,33.97,43.89,32.46,0.8,0.168,0.235,0.067,NAN,0.235
4/24/16 16:00,46,39.57,34.16,44.11,32.52,0.805,0.168,0.235,0.067,NAN,0.229
4/24/16 17:00,46,39.66,34.14,44.2,32.58,0.805,0.168,0.235,0.067,NAN,0.235
4/24/16 18:00,46.01,39.72,34.25,44.26,32.65,0.8,0.168,0.235,0.067,NAN,0.235
4/24/16 19:00,46.01,39.78,34.34,44.26,32.74,0.805,0.168,0.235,0.067,NAN,0.235
4/24/16 20:00,45.97,39.89,34.37,44.27,32.82,0.805,0.168,0.235,0.067,NAN,0.235
4/24/16 21:00,45.92,39.96,34.37,44.26,32.9,0.805,0.168,0.235,0.067,NAN,0.235
4/24/16 22:00,45.85,40.02,34.36,44.2,32.93,0.806,0.168,0.235,0.067,NAN,0.235
4/24/16 23:00,45.78,40.1,34.35,44.11,32.93,0.806,0.168,0.235,0.067,NAN,0.235
4/25/16 0:00,45.69,40.14,34.27,43.99,32.94,0.806,0.168,0.235,0.067,NAN,0.235
4/25/16 1:00,45.57,40.18,34.2,43.84,32.93,0.806,0.168,0.235,0.067,NAN,0.235
4/25/16 2:00,45.46,40.18,34.18,43.71,32.92,0.8,0.168,0.235,0.067,NAN,0.235
4/25/16 3:00,45.34,40.18,34.07,43.58,32.86,0.806,0.168,0.235,0.067,NAN,0.235
4/25/16 4:00,45.28,40.2,34.07,43.47,32.86,0.8,0.168,0.235,0.067,NAN,0.235
4/25/16 5:00,45.26,40.33,34.11,43.38,32.86,0.789,0.168,0.235,0.067,NAN,0.235
4/25/16 6:00,45.22,40.35,34.11,43.34,32.86,0.794,0.168,0.235,0.067,NAN,0.235
4/25/16 7:00,45.23,40.38,34.13,44.69,32.86,0.794,0.168,0.235,0.067,NAN,0.235
4/25/16 8:00,45.28,40.42,34.16,45.07,32.88,0.8,0.168,0.235,0.067,NAN,0.235
4/25/16 9:00,45.37,40.49,34.19,43.36,32.93,0.778,0.168,0.235,0.067,NAN,0.235
4/25/16 10:00,45.5,40.55,34.26,43.33,33,0.794,0.168,0.235,0.067,NAN,0.235
4/25/16 11:00,45.69,40.66,34.35,43.43,33.09,0.772,0.168,0.235,0.067,NAN,0.235
4/25/16 12:00,45.86,40.67,34.41,43.61,33.16,0.772,0.168,0.235,0.067,NAN,0.229
4/25/16 13:00,45.91,40.64,34.4,43.77,33.18,0.778,0.168,0.235,0.067,NAN,0.235
4/25/16 14:00,45.78,40.2,34.3,43.76,32.92,0.789,0.168,0.235,0.067,NAN,0.229
4/25/16 15:00,45.56,39.68,34.11,43.44,32.76,0.806,0.168,0.235,0.067,NAN,0.235
4/25/16 16:00,45.21,39.49,33.86,42.96,32.6,0.806,0.168,0.235,0.067,NAN,0.235
4/25/16 17:00,44.67,39.27,33.59,42.53,32.49,0.806,0.168,0.235,0.067,NAN,0.235
4/25/16 18:00,44.14,38.95,33.37,42.17,32.36,0.806,0.168,0.235,0.067,NAN,0.235
4/25/16 19:00,43.62,38.59,33.18,41.87,32.24,0.806,0.168,0.235,0.067,NAN,0.235
4/25/16 20:00,43.11,38.2,32.94,41.58,32.13,0.806,0.168,0.235,0.067,NAN,0.235
4/25/16 21:00,42.62,37.83,32.75,41.33,32.01,0.806,0.168,0.235,0.067,NAN,0.229
4/25/16 22:00,42.21,37.49,32.56,41.11,31.9,0.806,0.168,0.235,0.067,NAN,0.235
4/25/16 23:00,41.86,37.18,32.39,40.93,31.79,0.806,0.168,0.235,0.067,NAN,0.235
4/26/16 0:00,41.56,36.9,32.26,40.73,31.64,0.789,0.168,0.235,0.067,NAN,0.235
4/26/16 1:00,41.32,36.66,32.12,40.56,31.53,0.772,0.168,0.235,0.067,NAN,0.235
4/26/16 2:00,41.06,36.41,32.02,40.43,31.38,0.794,0.168,0.235,0.067,NAN,0.235
4/26/16 3:00,40.85,36.29,31.91,40.33,31.24,0.806,0.168,0.235,0.067,NAN,0.235
4/26/16 4:00,40.67,36.02,31.81,40.25,31.11,0.806,0.168,0.235,0.067,NAN,0.229
4/26/16 5:00,40.55,35.88,31.77,40.2,31,0.806,0.168,0.235,0.067,NAN,0.235
4/26/16 6:00,40.5,35.82,31.73,40.17,30.92,0.806,0.168,0.235,0.067,NAN,0.235
4/26/16 7:00,40.48,35.82,31.68,40.14,30.85,0.806,0.168,0.235,0.067,NAN,0.235
4/26/16 8:00,40.51,35.85,31.69,40.15,30.82,0.806,0.168,0.235,0.067,NAN,0.235
4/26/16 9:00,40.58,35.89,31.73,40.18,30.8,0.806,0.168,0.235,0.067,NAN,0.235
4/26/16 10:00,40.78,35.99,31.82,40.25,30.81,0.806,0.168,0.235,0.067,NAN,0.235
4/26/16 11:00,41.15,36.15,31.96,40.53,30.81,0.805,0.168,0.235,0.067,NAN,0.235
4/26/16 12:00,41.61,36.38,32.13,40.95,30.81,0.805,0.168,0.235,0.067,NAN,0.235
4/26/16 13:00,42.05,36.54,32.2,41.43,30.83,0.805,0.168,0.235,0.067,NAN,0.235
4/26/16 14:00,42.44,36.68,32.26,41.83,30.71,0.805,0.168,0.235,0.067,NAN,0.235
4/26/16 15:00,42.76,36.81,32.27,42.15,30.71,0.805,0.168,0.235,0.067,NAN,0.235
4/26/16 16:00,43.02,36.91,32.43,42.39,30.71,0.817,0.168,0.235,0.067,NAN,0.235
4/26/16 17:00,43.28,37.01,32.56,42.53,30.73,0.794,0.168,0.235,0.067,NAN,0.235
4/26/16 18:00,43.44,37.13,32.65,42.71,30.78,0.833,0.168,0.235,0.067,NAN,0.235
4/26/16 19:00,43.65,37.29,32.63,42.88,30.84,0.839,0.168,0.235,0.067,NAN,0.235
4/26/16 20:00,43.83,37.49,32.7,42.99,30.98,0.839,0.168,0.235,0.067,NAN,0.235
4/26/16 21:00,43.9,37.7,32.74,42.99,31.1,0.839,0.168,0.235,0.067,NAN,0.235
4/26/16 22:00,43.88,37.88,32.68,42.92,31.18,0.839,0.168,0.235,0.067,NAN,0.235
4/26/16 23:00,43.97,38.13,32.73,42.87,31.27,0.839,0.168,0.235,0.067,NAN,0.235
4/27/16 0:00,44.11,38.27,32.79,42.88,31.34,0.828,0.168,0.235,0.067,NAN,0.235
4/27/16 1:00,44.14,38.33,32.87,42.89,31.38,0.806,0.168,0.235,0.067,NAN,0.235
4/27/16 2:00,44.19,38.37,32.89,42.9,31.4,0.806,0.168,0.235,0.067,NAN,0.235
4/27/16 3:00,44.21,38.43,32.9,42.87,31.45,0.806,0.168,0.235,0.067,NAN,0.235
4/27/16 4:00,44.21,38.49,32.92,42.87,31.49,0.822,0.168,0.235,0.067,NAN,0.235
4/27/16 5:00,44.21,38.54,32.95,42.84,31.52,0.834,0.168,0.235,0.067,NAN,0.235
4/27/16 6:00,44.21,38.57,32.98,42.8,31.58,0.839,0.168,0.235,0.067,NAN,0.235
4/27/16 7:00,44.26,38.63,33.02,42.8,31.61,0.839,0.168,0.235,0.067,NAN,0.235
4/27/16 8:00,44.3,38.66,33.06,42.8,31.65,0.839,0.168,0.235,0.067,NAN,0.235
4/27/16 9:00,44.4,38.79,33.12,42.8,31.68,0.834,0.168,0.235,0.067,NAN,0.229
4/27/16 10:00,44.55,39,33.21,42.84,31.8,0.833,0.168,0.235,0.067,NAN,0.235
4/27/16 11:00,44.73,39.17,33.32,42.96,31.9,0.839,0.168,0.235,0.067,NAN,0.235
4/27/16 12:00,44.92,39.33,33.46,43.1,31.98,0.839,0.168,0.235,0.067,NAN,0.235
4/27/16 13:00,45.06,39.44,33.58,43.23,32.03,0.839,0.168,0.235,0.067,NAN,0.235
4/27/16 14:00,45.24,39.54,33.71,43.37,32.1,0.839,0.168,0.235,0.067,NAN,0.229
4/27/16 15:00,45.43,39.62,33.83,43.54,32.17,0.839,0.168,0.235,0.067,NAN,0.229
4/27/16 16:00,45.45,39.64,33.83,43.65,32.19,0.834,0.168,0.235,0.067,NAN,0.235
4/27/16 17:00,45.26,39.6,33.74,43.63,32.18,0.817,0.168,0.235,0.067,NAN,0.235
4/27/16 18:00,45.04,39.43,33.7,43.59,32.23,0.839,0.168,0.235,0.067,NAN,0.235
4/27/16 19:00,44.83,39.26,33.58,43.53,32.17,0.839,0.168,0.235,0.067,NAN,0.235
4/27/16 20:00,44.45,38.93,33.43,43.24,32.1,0.839,0.168,0.235,0.067,NAN,0.235
4/27/16 21:00,44.03,38.6,33.28,42.83,32.1,0.839,0.168,0.235,0.067,NAN,0.235
4/27/16 22:00,43.66,38.28,33.17,42.56,32.09,0.839,0.168,0.235,0.067,NAN,0.235
4/27/16 23:00,43.33,37.98,33.07,42.44,32.07,0.839,0.168,0.235,0.067,NAN,0.235
4/28/16 0:00,43.05,37.72,32.94,42.37,32.02,0.839,0.168,0.235,0.067,NAN,0.235
4/28/16 1:00,42.81,37.51,32.85,42.28,31.97,0.839,0.168,0.235,0.067,NAN,0.235
4/28/16 2:00,42.57,37.39,32.72,45.51,31.91,0.839,0.168,0.235,0.067,NAN,0.235
4/28/16 3:00,42.38,37.28,32.64,42.07,31.85,0.839,0.168,0.235,0.067,NAN,0.235
4/28/16 4:00,42.24,37.22,32.58,41.89,31.82,0.839,0.168,0.235,0.067,NAN,0.235
4/28/16 5:00,42.15,37.16,32.51,41.83,31.81,0.839,0.168,0.235,0.067,NAN,0.235
4/28/16 6:00,42.13,37.16,32.49,41.83,31.82,0.839,0.168,0.235,0.067,NAN,0.235
4/28/16 7:00,42.1,37.16,32.42,41.85,31.82,0.839,0.168,0.235,0.067,NAN,0.235
4/28/16 8:00,42,37.18,32.47,41.84,31.82,0.839,0.168,0.235,0.067,NAN,0.235
4/28/16 9:00,41.91,37.23,32.52,41.81,31.85,0.839,0.168,0.235,0.067,NAN,0.235
4/28/16 10:00,42.47,37.25,32.65,41.84,31.86,0.839,0.168,0.235,0.067,NAN,0.235
4/28/16 11:00,42.73,37.36,32.77,42.03,31.89,0.839,0.168,0.235,0.067,NAN,0.235
4/28/16 12:00,42.82,37.5,32.91,42.2,31.87,0.839,0.168,0.235,0.067,NAN,0.235
4/28/16 13:00,43.15,37.59,32.99,42.52,31.78,0.839,0.168,0.235,0.067,NAN,0.229
4/28/16 14:00,43.56,37.67,33.18,42.88,31.71,0.839,0.168,0.235,0.067,NAN,0.229
4/28/16 15:00,43.87,37.75,33.25,43.19,31.67,0.839,0.168,0.235,0.067,NAN,0.229
4/28/16 16:00,43.96,37.75,33.23,43.41,31.65,0.839,0.168,0.235,0.067,NAN,0.224
4/28/16 17:00,44.02,37.74,33.21,43.52,31.65,0.839,0.168,0.235,0.067,NAN,0.218
4/28/16 18:00,44.13,37.77,33.24,43.61,31.65,0.839,0.168,0.235,0.067,NAN,0.224
4/28/16 19:00,44.13,37.89,33.27,43.61,31.69,0.839,0.168,0.235,0.067,NAN,0.207
4/28/16 20:00,44.2,38.08,33.31,43.6,31.82,0.839,0.168,0.235,0.067,NAN,0.207
4/28/16 21:00,44.25,38.21,33.34,43.6,31.94,0.839,0.168,0.235,0.067,NAN,0.213
4/28/16 22:00,44.33,38.3,33.37,43.6,32.03,0.839,0.168,0.235,0.067,NAN,0.213
4/28/16 23:00,44.34,38.33,33.38,43.6,32.09,0.839,0.168,0.235,0.067,NAN,0.201
4/29/16 0:00,44.41,38.37,33.37,43.59,32.12,0.839,0.168,0.235,0.067,NAN,0.207
4/29/16 1:00,44.38,38.39,33.35,43.53,32.12,0.839,0.168,0.235,0.067,NAN,0.201
4/29/16 2:00,44.31,38.44,33.28,43.43,32.16,0.839,0.168,0.235,0.067,NAN,0.207
4/29/16 3:00,44.24,38.41,33.22,43.31,32.16,0.839,0.168,0.235,0.067,NAN,0.207
4/29/16 4:00,44.11,38.37,33.17,43.18,32.13,0.839,0.168,0.235,0.067,NAN,0.207
4/29/16 5:00,44.05,38.39,33.15,43.07,32.15,0.839,0.168,0.235,0.067,NAN,0.207
4/29/16 6:00,44.01,38.44,33.17,42.98,32.18,0.839,0.168,0.235,0.067,NAN,0.201
4/29/16 7:00,43.95,38.44,33.14,42.91,32.16,0.839,0.168,0.235,0.067,NAN,0.201
4/29/16 8:00,43.94,38.44,33.14,42.83,32.16,0.839,0.168,0.235,0.067,NAN,0.201
4/29/16 9:00,43.9,38.44,33.16,42.76,32.14,0.839,0.168,0.235,0.067,NAN,0.207
4/29/16 10:00,43.96,38.49,33.18,42.76,32.13,0.845,0.168,0.235,0.067,NAN,0.229
4/29/16 11:00,44.05,38.56,33.25,42.86,32.2,0.839,0.168,0.235,0.067,NAN,0.224
4/29/16 12:00,44.07,38.66,33.31,42.94,32.26,0.839,0.168,0.235,0.067,NAN,0.229
4/29/16 13:00,44.02,38.68,33.28,42.96,32.28,0.845,0.168,0.235,0.067,NAN,0.229
4/29/16 14:00,43.84,38.55,33.23,42.91,32.23,0.839,0.168,0.235,0.067,NAN,0.235
4/29/16 15:00,43.56,38.47,33.18,42.75,32.24,0.839,0.168,0.235,0.067,NAN,0.235
4/29/16 16:00,43.3,38.48,33.08,42.58,32.31,0.839,0.168,0.235,0.067,NAN,0.235
4/29/16 17:00,43.14,38.51,33.09,42.45,32.39,0.839,0.168,0.235,0.067,NAN,0.235
4/29/16 18:00,43.03,38.45,33.07,42.35,32.38,0.839,0.168,0.235,0.067,NAN,0.235
4/29/16 19:00,42.88,38.37,32.96,42.36,32.34,0.839,0.168,0.235,0.067,NAN,0.229
4/29/16 20:00,42.95,38.24,33.08,42.39,32.3,0.839,0.168,0.235,0.067,NAN,0.235
4/29/16 21:00,43.05,38.06,33.16,42.5,32.27,0.839,0.168,0.235,0.067,NAN,0.235
4/29/16 22:00,43.26,37.89,33.19,42.65,32.23,0.839,0.168,0.235,0.067,NAN,0.235
4/29/16 23:00,43.43,37.75,33.13,42.86,32.23,0.839,0.168,0.235,0.067,NAN,0.235
4/30/16 0:00,43.48,37.56,33.12,42.99,32.2,0.839,0.168,0.235,0.067,NAN,0.235
4/30/16 1:00,43.54,37.44,33.06,43.06,32.15,0.839,0.168,0.235,0.067,NAN,0.229
4/30/16 2:00,43.61,37.33,33.03,43.11,32.12,0.839,0.168,0.235,0.067,NAN,0.235
4/30/16 3:00,43.61,37.23,32.97,43.14,32.12,0.839,0.168,0.235,0.067,NAN,0.229
4/30/16 4:00,43.58,37.23,32.96,43.11,32.13,0.839,0.168,0.235,0.067,NAN,0.229
4/30/16 5:00,43.54,37.23,32.96,43.03,32.16,0.845,0.168,0.235,0.067,NAN,0.224
4/30/16 6:00,43.46,37.24,32.94,42.97,32.15,0.85,0.168,0.235,0.067,NAN,0.235
4/30/16 7:00,43.33,37.34,32.98,42.89,32.16,0.856,0.168,0.235,0.067,NAN,0.229
4/30/16 8:00,43.17,37.44,32.96,42.72,32.16,0.85,0.168,0.235,0.067,NAN,0.235
4/30/16 9:00,42.98,37.48,32.92,42.56,32.16,0.862,0.168,0.235,0.067,NAN,0.229
4/30/16 10:00,42.81,37.68,32.96,42.43,32.21,0.856,0.168,0.235,0.067,NAN,0.229
4/30/16 11:00,42.65,37.84,32.98,42.29,32.19,0.862,0.168,0.235,0.067,NAN,0.235
4/30/16 12:00,42.6,37.97,32.98,42.27,32.22,0.862,0.168,0.235,0.067,NAN,0.235
4/30/16 13:00,42.64,37.97,33.03,42.3,32.21,0.873,0.168,0.235,0.067,NAN,0.235
4/30/16 14:00,42.83,37.85,33.06,42.39,32.16,0.873,0.168,0.235,0.067,NAN,0.229
4/30/16 15:00,43.1,37.75,33.09,42.54,32.09,0.873,0.168,0.235,0.067,NAN,0.235
4/30/16 16:00,43.34,37.67,33.09,42.74,32.02,0.873,0.168,0.235,0.067,NAN,0.235
4/30/16 17:00,43.49,37.63,33.04,42.95,31.99,0.873,0.168,0.235,0.067,NAN,0.224
4/30/16 18:00,43.54,37.63,33,43.09,31.99,0.873,0.168,0.235,0.067,NAN,0.218
4/30/16 19:00,43.62,37.56,32.93,47.01,31.97,0.862,0.168,0.235,0.067,NAN,0.207
4/30/16 20:00,43.73,37.53,32.94,43.27,31.99,0.873,0.168,0.235,0.067,NAN,0.218
4/30/16 21:00,43.98,37.51,32.96,43.36,32.02,0.873,0.168,0.235,0.067,NAN,0.213
4/30/16 22:00,44.2,37.56,32.92,43.55,32.07,0.873,0.168,0.235,0.067,NAN,0.218
4/30/16 23:00,44.28,37.55,32.97,43.66,32.13,0.873,0.168,0.235,0.067,NAN,0.229
5/1/16 0:00,44.23,37.61,32.95,43.66,32.11,0.873,0.168,0.235,0.067,NAN,0.218
5/1/16 1:00,44.12,37.74,32.89,43.54,32.07,0.873,0.168,0.235,0.067,NAN,0.229
5/1/16 2:00,44.05,37.78,32.83,43.34,32.05,0.873,0.168,0.235,0.067,NAN,0.224
5/1/16 3:00,43.98,37.73,32.81,43.18,32,0.873,0.168,0.235,0.067,NAN,0.213
5/1/16 4:00,43.88,37.7,32.77,43.04,31.94,0.873,0.168,0.235,0.067,NAN,0.201
5/1/16 5:00,43.82,37.7,32.74,42.9,31.93,0.873,0.168,0.235,0.067,NAN,0.207
5/1/16 6:00,43.81,37.72,32.74,42.8,31.93,0.873,0.168,0.235,0.067,NAN,0.207
5/1/16 7:00,43.81,37.8,32.76,42.75,31.92,0.873,0.168,0.235,0.067,NAN,0.213
5/1/16 8:00,43.81,37.88,32.73,42.68,31.92,0.873,0.168,0.235,0.067,NAN,0.207
5/1/16 9:00,43.87,38,32.78,42.64,31.95,0.873,0.168,0.235,0.067,NAN,0.207
5/1/16 10:00,43.94,38.12,32.83,42.6,32.05,0.873,0.168,0.235,0.067,NAN,0.207
5/1/16 11:00,43.96,38.21,32.93,42.6,32.13,0.873,0.168,0.235,0.067,NAN,0.218
5/1/16 12:00,43.93,38.27,33.03,42.6,32.13,0.85,0.168,0.235,0.067,NAN,0.201
5/1/16 13:00,43.81,38.3,33.04,42.66,32.16,0.884,0.168,0.235,0.067,NAN,0.207
5/1/16 14:00,43.71,38.27,32.95,42.71,32.17,0.873,0.168,0.235,0.067,NAN,0.213
5/1/16 15:00,43.64,38.16,32.96,42.73,32.18,0.895,0.168,0.235,0.067,NAN,0.218
5/1/16 16:00,43.53,38.02,32.82,42.75,32.16,0.895,0.168,0.235,0.067,NAN,0.213
5/1/16 17:00,43.38,37.83,32.66,42.74,32.1,0.895,0.168,0.235,0.067,NAN,0.213
5/1/16 18:00,43.16,37.65,32.48,42.75,32.07,0.89,0.168,0.235,0.067,NAN,0.207
5/1/16 19:00,42.92,37.51,32.39,42.7,32.03,0.89,0.168,0.235,0.067,NAN,0.201
5/1/16 20:00,42.63,37.49,32.38,42.51,31.98,0.901,0.168,0.235,0.067,NAN,0.207
5/1/16 21:00,42.34,37.41,32.34,42.22,31.97,0.901,0.168,0.235,0.067,NAN,0.213
5/1/16 22:00,42.09,37.26,32.28,41.97,31.92,0.901,0.168,0.235,0.067,NAN,0.207
5/1/16 23:00,41.91,37.07,32.19,41.8,31.86,0.907,0.168,0.235,0.067,NAN,0.207
5/2/16 0:00,41.78,36.87,32.2,41.82,31.81,0.907,0.168,0.235,0.067,NAN,0.207
5/2/16 1:00,41.72,36.66,32.19,41.91,31.75,0.907,0.168,0.235,0.067,NAN,0.207
5/2/16 2:00,41.67,36.43,32.13,41.96,31.68,0.907,0.168,0.235,0.067,NAN,0.201
5/2/16 3:00,41.67,36.26,32.06,41.93,31.63,0.907,0.168,0.235,0.067,NAN,0.201
5/2/16 4:00,41.67,36.25,31.91,41.78,31.63,0.907,0.168,0.235,0.067,NAN,0.201
5/2/16 5:00,41.75,36.41,31.82,41.58,31.65,0.907,0.168,0.235,0.067,NAN,0.201
5/2/16 6:00,41.88,36.59,31.79,41.42,31.73,0.907,0.168,0.235,0.067,NAN,0.207
5/2/16 7:00,41.98,36.69,31.8,41.34,31.76,0.907,0.168,0.235,0.067,NAN,0.201
5/2/16 8:00,42.06,36.67,31.83,41.3,31.76,0.906,0.168,0.235,0.067,NAN,0.201
5/2/16 9:00,42.12,36.63,31.93,41.31,31.75,0.906,0.168,0.235,0.067,NAN,0.201
5/2/16 10:00,42.26,36.71,32,41.31,31.72,0.895,0.168,0.235,0.067,NAN,0.201
5/2/16 11:00,42.42,36.91,32.08,41.36,31.73,0.85,0.168,0.235,0.067,NAN,0.201
5/2/16 12:00,42.4,37.09,32.13,41.45,31.75,0.906,0.168,0.235,0.067,NAN,0.201
5/2/16 13:00,42.46,37.23,32.3,41.52,31.74,0.906,0.168,0.235,0.067,NAN,0.201
5/2/16 14:00,42.5,37.33,32.48,41.64,31.75,0.906,0.168,0.235,0.067,NAN,0.207
5/2/16 15:00,42.64,37.46,32.58,41.81,31.75,0.906,0.168,0.235,0.067,NAN,0.201
5/2/16 16:00,42.83,37.57,32.61,42.04,31.82,0.906,0.168,0.235,0.067,NAN,0.201
5/2/16 17:00,43,37.67,32.72,42.22,31.83,0.895,0.168,0.235,0.067,NAN,0.201
5/2/16 18:00,43.18,37.78,32.81,42.39,31.9,0.878,0.168,0.235,0.067,NAN,0.201
5/2/16 19:00,43.34,37.76,32.86,42.56,31.89,0.906,0.168,0.235,0.067,NAN,0.201
5/2/16 20:00,43.53,37.71,32.91,42.76,31.89,0.906,0.168,0.235,0.067,NAN,0.201
5/2/16 21:00,43.61,37.6,32.83,42.9,31.89,0.906,0.168,0.235,0.067,NAN,0.201
5/2/16 22:00,43.61,37.47,32.86,42.97,31.89,0.906,0.168,0.235,0.067,NAN,0.201
5/2/16 23:00,43.51,37.32,32.85,42.95,31.88,0.907,0.168,0.235,0.067,NAN,0.201
5/3/16 0:00,43.33,37.17,32.78,42.84,31.85,0.907,0.168,0.235,0.067,NAN,0.201
5/3/16 1:00,43.13,37,32.69,42.66,31.8,0.906,0.168,0.235,0.067,NAN,0.201
5/3/16 2:00,42.96,36.93,32.63,42.49,31.76,0.906,0.168,0.235,0.067,NAN,0.201
5/3/16 3:00,42.82,36.8,32.57,42.33,31.74,0.906,0.168,0.235,0.067,NAN,0.201
5/3/16 4:00,42.73,36.75,32.52,42.21,31.7,0.906,0.168,0.235,0.067,NAN,0.201
5/3/16 5:00,42.66,36.68,32.47,42.11,31.69,0.906,0.168,0.235,0.067,NAN,0.201
5/3/16 6:00,42.57,36.69,32.39,42.02,31.67,0.906,0.168,0.235,0.067,NAN,0.201
5/3/16 7:00,42.64,36.92,32.35,41.93,31.72,0.906,0.168,0.235,0.067,NAN,0.201
5/3/16 8:00,42.77,37,32.34,41.98,31.76,0.906,0.168,0.235,0.067,NAN,0.201
5/3/16 9:00,42.87,37.07,32.43,42.06,31.75,0.895,0.168,0.235,0.067,NAN,0.201
5/3/16 10:00,43.03,37.24,32.58,48.94,31.81,0.895,0.168,0.235,0.067,NAN,0.201
5/3/16 11:00,43.2,37.38,32.7,43.87,31.79,0.906,0.168,0.235,0.067,NAN,0.201
5/3/16 12:00,43.44,37.57,32.85,42.88,31.81,0.906,0.168,0.235,0.067,NAN,0.201
5/3/16 13:00,43.7,37.79,32.98,42.88,31.93,0.906,0.168,0.235,0.067,NAN,0.201
5/3/16 14:00,43.93,38.02,33.08,43.01,31.97,0.906,0.168,0.235,0.067,NAN,0.201
5/3/16 15:00,44.06,38.19,33.17,43.1,32.02,0.906,0.168,0.235,0.067,NAN,0.201
5/3/16 16:00,44.17,38.29,33.12,43.19,32.02,0.906,0.168,0.235,0.067,NAN,0.201
5/3/16 17:00,44.25,38.24,33.23,43.23,32.02,0.906,0.168,0.235,0.067,NAN,0.201
5/3/16 18:00,44.51,38.24,33.27,43.36,32.06,0.89,0.168,0.235,0.067,NAN,0.201
5/3/16 19:00,44.55,38.17,33.33,43.51,32.09,0.906,0.168,0.235,0.067,NAN,0.201
5/3/16 20:00,44.53,38.03,33.37,43.59,32.09,0.906,0.168,0.235,0.067,NAN,0.201
5/3/16 21:00,44.43,37.86,33.37,43.62,32.09,0.906,0.168,0.235,0.067,NAN,0.201
5/3/16 22:00,44.31,37.69,33.35,43.62,32.09,0.906,0.168,0.235,0.067,NAN,0.201
5/3/16 23:00,44.2,37.53,33.35,43.59,32.09,0.906,0.168,0.235,0.067,NAN,0.201
5/4/16 0:00,44.06,37.37,33.36,43.54,32.1,0.906,0.168,0.235,0.067,NAN,0.201
5/4/16 1:00,44.09,37.3,33.31,43.49,32.09,0.906,0.168,0.235,0.067,NAN,0.201
5/4/16 2:00,44.28,37.4,33.39,43.62,32.16,0.906,0.168,0.235,0.067,NAN,0.201
5/4/16 3:00,44.44,37.53,33.51,43.82,32.25,0.906,0.168,0.235,0.067,NAN,0.201
5/4/16 4:00,44.56,37.57,33.6,44.02,32.3,0.906,0.168,0.235,0.067,NAN,0.201
5/4/16 5:00,44.81,37.57,33.66,44.14,32.36,0.906,0.168,0.235,0.067,NAN,0.201
5/4/16 6:00,44.87,37.52,33.71,44.23,32.4,0.906,0.168,0.235,0.067,NAN,0.201
5/4/16 7:00,44.78,37.38,33.7,44.21,32.43,0.906,0.168,0.235,0.067,NAN,0.201
5/4/16 8:00,44.65,37.27,33.66,44.13,32.43,0.906,0.168,0.235,0.067,NAN,0.201
5/4/16 9:00,44.55,37.22,33.6,43.99,32.41,0.906,0.168,0.235,0.067,NAN,0.201
5/4/16 10:00,44.56,37.28,33.46,43.87,32.41,0.895,0.168,0.235,0.067,NAN,0.201
5/4/16 11:00,44.54,37.42,33.34,43.84,32.39,0.906,0.168,0.235,0.067,NAN,0.201
5/4/16 12:00,44.54,37.62,33.39,43.8,32.34,0.906,0.168,0.235,0.067,NAN,0.201
5/4/16 13:00,44.53,37.85,33.42,43.75,32.28,0.906,0.168,0.235,0.067,NAN,0.201
5/4/16 14:00,44.53,38.06,33.39,43.72,32.25,0.906,0.168,0.235,0.067,NAN,0.201
5/4/16 15:00,44.53,38.29,33.29,43.69,32.2,0.906,0.168,0.235,0.067,NAN,0.201
5/4/16 16:00,44.58,38.48,33.09,43.7,32.15,0.906,0.168,0.235,0.067,NAN,0.201
5/4/16 17:00,44.7,38.75,33.04,43.75,32.13,0.906,0.168,0.235,0.067,NAN,0.201
5/4/16 18:00,44.75,38.95,33.06,43.86,32.12,0.906,0.168,0.235,0.067,NAN,0.201
5/4/16 19:00,44.85,39.12,33.1,43.9,32.17,0.906,0.168,0.235,0.067,NAN,0.201
5/4/16 20:00,44.91,39.27,33.1,43.93,32.19,0.906,0.168,0.235,0.067,NAN,0.201
5/4/16 21:00,45.03,39.27,33.11,43.95,32.23,0.906,0.168,0.235,0.067,NAN,0.201
5/4/16 22:00,45.14,39.21,33.18,44,32.26,0.906,0.168,0.235,0.067,NAN,0.201
5/4/16 23:00,45.16,39.15,33.23,44.02,32.28,0.906,0.168,0.235,0.067,NAN,0.201
5/5/16 0:00,45.17,39.06,33.26,44.04,32.29,0.906,0.168,0.235,0.067,NAN,0.201
5/5/16 1:00,45.16,39,33.34,44.06,32.35,0.906,0.168,0.235,0.067,NAN,0.201
5/5/16 2:00,45.03,38.88,33.45,44.01,32.36,0.906,0.168,0.235,0.067,NAN,0.201
5/5/16 3:00,44.86,38.77,33.43,43.95,32.35,0.906,0.168,0.235,0.067,NAN,0.201
5/5/16 4:00,44.74,38.62,33.42,43.88,32.34,0.906,0.168,0.235,0.067,NAN,0.201
5/5/16 5:00,44.55,38.43,33.39,43.82,32.32,0.906,0.168,0.235,0.067,NAN,0.201
5/5/16 6:00,44.35,38.24,33.34,43.73,32.29,0.906,0.168,0.235,0.067,NAN,0.201
5/5/16 7:00,44.21,38.09,33.3,43.64,32.29,0.906,0.168,0.235,0.067,NAN,0.201
5/5/16 8:00,44.14,37.98,33.27,43.58,32.29,0.906,0.168,0.235,0.067,NAN,0.201
5/5/16 9:00,44.13,37.91,33.27,43.52,32.3,0.906,0.168,0.235,0.067,NAN,0.201
5/5/16 10:00,44.2,37.9,33.32,43.51,32.32,0.906,0.168,0.235,0.067,NAN,0.201
5/5/16 11:00,44.36,37.97,33.21,43.62,32.33,0.906,0.168,0.235,0.067,NAN,0.201
5/5/16 12:00,44.53,38.04,33.14,43.77,32.35,0.906,0.168,0.235,0.067,NAN,0.201
5/5/16 13:00,44.61,38.09,33.3,43.89,32.33,0.906,0.168,0.235,0.067,NAN,0.201
5/5/16 14:00,44.76,38.2,33.2,43.97,32.32,0.906,0.168,0.235,0.067,NAN,0.201
5/5/16 15:00,44.9,38.32,33.15,44.04,32.32,0.906,0.168,0.235,0.067,NAN,0.201
5/5/16 16:00,44.98,38.44,32.98,44.1,32.36,0.906,0.168,0.235,0.067,NAN,0.201
5/5/16 17:00,45.01,38.53,33.08,44.14,32.35,0.906,0.168,0.235,0.067,NAN,0.201
5/5/16 18:00,45.06,38.61,33.1,44.21,32.39,0.912,0.168,0.235,0.067,NAN,0.201
5/5/16 19:00,45.23,38.68,33.14,44.26,32.48,0.906,0.168,0.235,0.067,102,0.201
5/5/16 20:00,45.45,38.8,33.36,44.35,32.62,0.906,0.168,0.235,0.067,101.6,0.201
5/5/16 21:00,45.55,38.88,33.57,44.47,32.76,0.918,0.168,0.235,0.067,99.4,0.201
5/5/16 22:00,45.53,38.79,33.75,44.54,32.82,0.934,0.168,0.235,0.067,96.8,0.201
5/5/16 23:00,45.43,38.67,33.78,44.54,32.86,0.962,0.168,0.235,0.067,86.2,0.201
5/6/16 0:00,45.23,38.58,33.74,44.5,32.86,0.918,0.168,0.235,0.067,85.5,0.201
5/6/16 1:00,44.98,38.5,33.46,44.33,32.82,0.906,0.168,0.235,0.067,84.2,0.201
5/6/16 2:00,44.72,38.5,33.23,44.14,32.78,0.906,0.168,0.235,0.067,82.9,0.201
5/6/16 3:00,44.48,38.56,33.12,43.92,32.71,0.906,0.168,0.235,0.067,81.9,0.201
5/6/16 4:00,44.29,38.51,33.1,43.74,32.63,0.906,0.168,0.235,0.067,80.9,0.201
5/6/16 5:00,44.15,38.56,33.1,43.6,32.57,0.906,0.168,0.235,0.067,79.33,0.201
5/6/16 6:00,44.07,38.66,33.1,43.5,32.53,0.906,0.168,0.235,0.067,77.94,0.201
5/6/16 7:00,44.01,38.75,33.13,43.42,32.48,0.906,0.168,0.235,0.067,76.69,0.201
5/6/16 8:00,44,38.8,33.17,43.36,32.45,0.906,0.168,0.235,0.067,74.86,0.201
5/6/16 9:00,44,38.82,33.23,43.33,32.37,0.906,0.168,0.235,0.067,72.65,0.201
5/6/16 10:00,44.1,38.92,33.34,43.35,32.36,0.906,0.168,0.235,0.067,70.95,0.201
5/6/16 11:00,44.18,39.03,33.44,43.45,32.32,0.923,0.168,0.235,0.067,70.17,0.201
5/6/16 12:00,44.33,39.12,33.55,43.53,32.27,0.917,0.168,0.235,0.067,67.95,0.201
5/6/16 13:00,44.46,39.22,33.64,43.62,32.24,0.934,0.168,0.235,0.067,65.86,0.201
5/6/16 14:00,44.59,39.29,33.52,43.71,32.24,0.917,0.168,0.235,0.067,64.93,0.201
5/6/16 15:00,44.68,39.36,33.43,43.78,32.19,0.928,0.168,0.235,0.067,65.85,0.201
5/6/16 16:00,44.81,39.41,33.5,43.86,32.18,0.934,0.168,0.235,0.067,65.97,0.201
5/6/16 17:00,44.99,39.47,33.54,43.94,32.18,0.906,0.168,0.235,0.067,66.92,0.201
5/6/16 18:00,45.13,39.57,33.68,46.54,32.19,0.912,0.168,0.235,0.067,67.82,0.201
5/6/16 19:00,45.14,39.63,33.77,44.65,32.22,0.94,0.168,0.235,0.067,68.44,0.201
5/6/16 20:00,45.25,39.64,33.81,44.26,32.27,0.94,0.168,0.235,0.067,68.95,0.201
5/6/16 21:00,45.41,39.64,33.87,44.25,32.34,0.94,0.168,0.235,0.067,68.65,0.201
5/6/16 22:00,45.61,39.7,33.95,44.3,32.45,0.94,0.168,0.235,0.067,68.62,0.201
5/6/16 23:00,45.73,39.7,34.05,44.42,32.59,0.934,0.168,0.235,0.067,68,0.201
5/7/16 0:00,45.76,39.7,34.1,44.49,32.66,0.94,0.168,0.235,0.067,67.81,0.201
5/7/16 1:00,45.85,39.7,34.1,44.52,32.73,0.94,0.168,0.235,0.067,67.95,0.201
5/7/16 2:00,45.95,39.75,34.15,44.58,32.81,0.923,0.168,0.235,0.067,67.84,0.201
5/7/16 3:00,45.84,39.76,34.16,44.62,32.86,0.94,0.168,0.235,0.067,67.46,0.201
5/7/16 4:00,45.64,39.7,34.08,44.55,32.82,0.94,0.168,0.235,0.067,67.48,0.201
5/7/16 5:00,45.4,39.69,34,44.4,32.78,0.934,0.168,0.235,0.067,67.33,0.201
5/7/16 6:00,45.19,39.67,33.94,44.22,32.72,0.929,0.168,0.235,0.067,67.31,0.201
5/7/16 7:00,45.15,39.65,33.89,44.08,32.72,0.929,0.168,0.235,0.067,67.34,0.201
5/7/16 8:00,45.45,39.72,33.91,44.16,32.77,0.94,0.168,0.235,0.067,66.81,0.201
5/7/16 9:00,46,39.86,34.04,44.41,32.94,0.94,0.168,0.235,0.067,66.05,0.201
5/7/16 10:00,46.41,40.35,34.19,44.66,33.11,0.934,0.168,0.235,0.067,63.71,0.201
5/7/16 11:00,46.68,40.52,34.33,44.91,33.3,0.917,0.168,0.235,0.067,63.57,0.201
5/7/16 12:00,46.78,40.4,34.41,45.08,33.42,0.94,0.168,0.235,0.067,63.08,0.201
5/7/16 13:00,46.92,40.54,34.5,45.17,33.56,0.94,0.168,0.235,0.067,62.56,0.201
5/7/16 14:00,46.91,40.64,34.58,45.19,33.64,0.939,0.168,0.235,0.067,61.81,0.201
5/7/16 15:00,46.9,40.73,34.6,45.18,33.68,0.912,0.168,0.235,0.067,62.88,0.201
5/7/16 16:00,46.83,40.83,34.66,45.18,33.7,0.906,0.168,0.235,0.067,63.2,0.201
5/7/16 17:00,46.64,40.81,34.61,45.09,33.64,0.906,0.168,0.235,0.067,63.19,0.201
5/7/16 18:00,46.51,40.82,34.58,45.01,33.59,0.928,0.168,0.235,0.067,64.71,0.201
5/7/16 19:00,46.41,40.84,34.57,44.94,33.55,0.94,0.168,0.235,0.067,65.99,0.201
5/7/16 20:00,46.35,40.84,34.56,44.93,33.53,0.94,0.168,0.235,0.067,66.79,0.201
5/7/16 21:00,46.31,40.85,34.54,44.88,33.5,0.94,0.168,0.235,0.067,67.24,0.201
5/7/16 22:00,46.28,40.88,34.44,44.85,33.51,0.94,0.168,0.235,0.067,67.89,0.201
5/7/16 23:00,46.23,40.91,34.37,44.82,33.53,0.94,0.168,0.235,0.067,68.66,0.201
5/8/16 0:00,46.17,40.93,34.35,44.76,33.53,0.94,0.168,0.235,0.067,68.7,0.201
5/8/16 1:00,46.1,40.98,34.34,44.68,33.53,0.94,0.168,0.235,0.067,69.15,0.201
5/8/16 2:00,46.05,40.99,34.34,44.63,33.53,0.94,0.168,0.235,0.067,70.43,0.201
5/8/16 3:00,45.97,40.99,34.31,44.52,33.53,0.94,0.168,0.235,0.067,70.76,0.201
5/8/16 4:00,45.89,41,34.28,44.42,33.52,0.94,0.168,0.235,0.067,70.67,0.201
5/8/16 5:00,45.93,41.08,34.33,44.41,33.54,0.94,0.168,0.235,0.067,70.53,0.201
5/8/16 6:00,46.02,41.16,34.39,44.46,33.59,0.94,0.168,0.235,0.067,70.52,0.201
5/8/16 7:00,46.09,41.19,34.41,44.52,33.61,0.94,0.168,0.235,0.067,71.39,0.201
5/8/16 8:00,46.03,41.13,34.39,44.51,33.6,0.94,0.168,0.235,0.067,73.76,0.201
5/8/16 9:00,45.92,41.06,34.19,44.44,33.59,0.94,0.168,0.235,0.067,73.04,0.201
5/8/16 10:00,45.79,41.05,34.11,44.35,33.65,0.94,0.168,0.235,0.067,71.64,0.201
5/8/16 11:00,45.69,40.97,34.08,44.28,33.72,0.94,0.168,0.235,0.067,70.45,0.201
5/8/16 12:00,45.58,40.84,33.99,44.22,33.72,0.94,0.168,0.235,0.067,69.71,0.201
5/8/16 13:00,45.53,40.69,33.95,44.21,33.66,0.94,0.168,0.235,0.067,68.97,0.201
5/8/16 14:00,45.45,40.51,33.88,44.21,33.59,0.945,0.168,0.235,0.067,68.72,0.201
5/8/16 15:00,45.33,40.33,33.81,44.22,33.5,0.973,0.168,0.235,0.067,67.9,0.201
5/8/16 16:00,45.34,40.22,33.83,44.26,33.46,0.968,0.168,0.235,0.067,67.24,0.201
5/8/16 17:00,45.38,40.17,33.77,44.27,33.46,0.957,0.168,0.235,0.067,67.34,0.201
5/8/16 18:00,45.41,40.12,33.78,44.31,33.46,0.945,0.168,0.235,0.067,67.6,0.201
5/8/16 19:00,45.41,40.11,33.8,44.33,33.43,0.94,0.168,0.235,0.067,67.87,0.201
5/8/16 20:00,45.42,40.14,33.83,44.36,33.43,0.94,0.168,0.235,0.067,68.78,0.201
5/8/16 21:00,45.4,40.18,33.83,44.37,33.44,0.94,0.168,0.235,0.067,70.51,0.201
5/8/16 22:00,45.29,40.18,33.82,44.31,33.43,0.94,0.168,0.235,0.067,71.01,0.201
5/8/16 23:00,45.19,40.18,33.79,44.21,33.4,0.94,0.168,0.235,0.067,70.34,0.201
5/9/16 0:00,45.16,40.2,33.84,44.11,33.39,0.94,0.168,0.235,0.067,69.81,0.201
5/9/16 1:00,45.24,40.25,33.87,44.05,33.37,0.94,0.168,0.235,0.067,69.41,0.201
5/9/16 2:00,45.34,40.25,33.91,44.07,33.37,0.94,0.168,0.235,0.067,69.53,0.201
5/9/16 3:00,45.31,40.21,33.89,44.09,33.37,0.94,0.168,0.235,0.067,70.18,0.201
5/9/16 4:00,45.16,40.15,33.81,44.07,33.37,0.94,0.168,0.235,0.067,70.73,0.201
5/9/16 5:00,45.01,40.08,33.74,44.01,33.37,0.94,0.168,0.235,0.067,70.98,0.201
5/9/16 6:00,44.87,40,33.73,43.91,33.37,0.94,0.168,0.235,0.067,70.33,0.201
5/9/16 7:00,44.75,39.91,33.67,43.82,33.37,0.94,0.168,0.235,0.067,69.87,0.201
5/9/16 8:00,44.65,39.81,33.65,43.75,33.37,0.94,0.168,0.235,0.067,69.24,0.201
5/9/16 9:00,44.61,39.71,33.64,43.71,33.37,0.94,0.168,0.235,0.067,68.7,0.201
5/9/16 10:00,44.59,39.59,33.68,43.66,33.33,0.923,0.168,0.235,0.067,64.34,0.201
5/9/16 11:00,44.59,39.51,33.7,43.7,33.32,0.94,0.168,0.235,0.067,64.84,0.201
5/9/16 12:00,44.61,39.4,33.86,43.73,33.23,0.962,0.168,0.235,0.067,64.42,0.201
5/9/16 13:00,44.66,39.35,33.96,43.78,33.18,0.962,0.168,0.235,0.067,64.06,0.201
5/9/16 14:00,44.73,39.29,33.71,43.84,33.13,0.956,0.168,0.235,0.067,64.06,0.201
5/9/16 15:00,44.83,39.3,33.66,43.92,33.09,0.956,0.168,0.235,0.067,65.06,0.201
5/9/16 16:00,44.92,39.36,33.37,44.01,33.04,0.956,0.168,0.235,0.067,65.85,0.201
5/9/16 17:00,45,39.43,33.48,46.59,33.01,0.917,0.168,0.235,0.067,66.69,0.201
5/9/16 18:00,45.04,39.47,33.52,44.41,32.99,0.968,0.168,0.235,0.067,67.71,0.201
5/9/16 19:00,45.13,39.54,33.56,44.27,32.99,0.973,0.168,0.235,0.067,68.66,0.201
5/9/16 20:00,45.15,39.57,33.56,44.26,32.99,0.973,0.168,0.235,0.067,69.2,0.201
5/9/16 21:00,45.23,39.62,33.59,44.32,33.03,0.973,0.168,0.235,0.067,69.2,0.201
5/9/16 22:00,45.28,39.66,33.7,44.35,33.06,0.973,0.168,0.235,0.067,69.53,0.201
5/9/16 23:00,45.27,39.71,33.7,44.35,33.11,0.968,0.168,0.235,0.067,69.68,0.201
5/10/16 0:00,45.22,39.71,33.69,44.33,33.13,0.968,0.168,0.235,0.067,69.78,0.201
5/10/16 1:00,45.19,39.71,33.7,44.26,33.07,0.973,0.168,0.235,0.067,69.92,0.201
5/10/16 2:00,45.15,39.71,33.65,44.2,33.09,0.957,0.168,0.235,0.067,70.77,0.201
5/10/16 3:00,45.09,39.81,33.7,44.13,33.07,0.973,0.168,0.235,0.067,71.24,0.201
5/10/16 4:00,45.04,39.71,33.69,44.07,33.06,0.973,0.168,0.235,0.067,71.49,0.201
5/10/16 5:00,45.01,39.82,33.69,44,33.03,0.973,0.168,0.235,0.067,71.89,0.201
5/10/16 6:00,45.01,39.73,33.65,43.96,33.04,0.973,0.168,0.235,0.067,72.86,0.201
5/10/16 7:00,44.99,39.71,33.67,43.94,33.07,0.968,0.168,0.235,0.067,74.04,0.201
5/10/16 8:00,44.87,39.7,33.67,43.89,33.1,0.962,0.168,0.235,0.067,74.53,0.201
5/10/16 9:00,44.74,39.65,33.58,43.84,33.09,0.957,0.168,0.235,0.067,72.57,0.201
5/10/16 10:00,44.98,39.56,33.52,43.77,33.07,0.918,0.168,0.235,0.067,70.19,0.201
5/10/16 11:00,45.07,39.44,33.46,43.76,33.07,0.951,0.168,0.235,0.067,69.7,0.201
5/10/16 12:00,44.98,39.32,33.47,43.72,33.04,0.973,0.168,0.235,0.067,68.9,0.201
5/10/16 13:00,44.94,39.24,33.51,43.66,32.96,0.973,0.168,0.235,0.067,69.3,0.201
5/10/16 14:00,44.94,39.16,33.4,43.66,32.92,0.973,0.168,0.235,0.067,69.07,0.201
5/10/16 15:00,44.98,39.11,33.35,43.71,33.01,0.973,0.168,0.235,0.067,70.58,0.201
5/10/16 16:00,44.97,39.1,33.29,43.8,33.06,0.973,0.168,0.235,0.067,72.7,0.201
5/10/16 17:00,44.9,39.11,33.3,43.82,33.04,0.957,0.168,0.235,0.067,72.47,0.201
5/10/16 18:00,44.83,39.07,33.38,43.83,33.03,0.962,0.168,0.235,0.067,73.13,0.201
5/10/16 19:00,44.65,38.96,33.41,43.77,33.03,0.974,0.168,0.235,0.067,73.13,0.201
5/10/16 20:00,44.41,38.82,33.64,43.65,33.01,0.974,0.168,0.235,0.067,71.71,0.201
5/10/16 21:00,44.17,38.66,33.7,43.53,32.99,0.973,0.168,0.235,0.067,71.62,0.201
5/10/16 22:00,43.92,38.51,33.7,43.44,32.98,0.973,0.168,0.235,0.067,71.6,0.201
5/10/16 23:00,43.69,38.38,33.66,43.34,32.96,0.973,0.168,0.235,0.067,71.73,0.201
5/11/16 0:00,43.48,38.27,33.59,43.23,32.96,0.973,0.168,0.235,0.067,72.09,0.201
5/11/16 1:00,43.26,38.15,33.55,43.12,32.92,0.974,0.168,0.235,0.067,72.55,0.201
5/11/16 2:00,43.07,38.06,33.48,42.99,32.87,0.973,0.168,0.235,0.067,73.17,0.201
5/11/16 3:00,42.89,37.97,33.39,42.88,32.83,0.973,0.168,0.235,0.067,73.37,0.201
5/11/16 4:00,42.78,37.92,33.34,42.81,32.8,0.973,0.168,0.235,0.067,73.58,0.201
5/11/16 5:00,42.69,37.9,33.2,42.78,32.76,0.973,0.168,0.235,0.067,74.19,0.201
5/11/16 6:00,42.67,37.9,33.17,42.75,32.75,0.974,0.168,0.235,0.067,74.43,0.201
5/11/16 7:00,42.67,37.9,33.15,42.74,32.7,0.974,0.168,0.235,0.067,73.89,0.201
5/11/16 8:00,42.64,37.85,33.1,42.74,32.66,0.974,0.168,0.235,0.067,73.1,0.201
5/11/16 9:00,42.6,37.83,33.09,42.72,32.62,0.968,0.168,0.235,0.067,71.52,0.201
5/11/16 10:00,42.65,37.83,33.12,42.68,32.57,0.929,0.168,0.235,0.067,69.62,0.201
5/11/16 11:00,42.64,37.79,33.1,42.78,32.62,0.946,0.168,0.235,0.067,69.62,0.201
5/11/16 12:00,42.64,37.75,33.11,42.84,32.61,0.973,0.168,0.235,0.067,69.03,0.201
5/11/16 13:00,42.72,37.69,33.17,42.95,32.62,0.973,0.168,0.235,0.067,68.9,0.201
5/11/16 14:00,42.79,37.69,33.19,43.08,32.65,0.973,0.168,0.235,0.067,69.42,0.201
5/11/16 15:00,42.86,37.69,33.23,43.18,32.67,0.973,0.168,0.235,0.067,69.45,0.201
5/11/16 16:00,42.95,37.75,33.23,43.27,32.66,0.973,0.168,0.235,0.067,69.59,0.201
5/11/16 17:00,43.05,37.81,33.28,43.35,32.65,0.973,0.168,0.235,0.067,69.98,0.201
5/11/16 18:00,43.17,37.88,33.3,43.39,32.66,0.945,0.168,0.235,0.067,70.02,0.201
5/11/16 19:00,43.24,37.96,33.32,43.49,32.68,0.973,0.168,0.235,0.067,71.08,0.201
5/11/16 20:00,43.29,38.03,33.27,43.52,32.7,0.973,0.168,0.235,0.067,71.77,0.201
5/11/16 21:00,43.27,38.03,33.23,43.46,32.7,0.973,0.168,0.235,0.067,72.15,0.201
5/11/16 22:00,43.22,38.03,33.21,43.38,32.71,0.974,0.168,0.235,0.067,71.8,0.201
5/11/16 23:00,43.11,38.02,33.16,43.26,32.7,0.974,0.168,0.235,0.067,71.38,0.201
5/12/16 0:00,43.01,37.97,33.1,43.11,32.68,0.973,0.168,0.235,0.067,71.34,0.201
5/12/16 1:00,42.92,37.92,33.06,42.98,32.63,0.973,0.168,0.235,0.067,71.49,0.201
5/12/16 2:00,42.85,37.86,33.02,42.88,32.58,0.973,0.168,0.235,0.067,71.69,0.201
5/12/16 3:00,42.78,37.83,32.98,42.79,32.53,0.973,0.168,0.235,0.067,71.53,0.201
5/12/16 4:00,42.73,37.78,32.94,42.73,32.48,0.973,0.168,0.235,0.067,71.88,0.201
5/12/16 5:00,42.73,37.76,32.89,42.68,32.43,0.973,0.168,0.235,0.067,71.95,0.201
5/12/16 6:00,42.78,37.76,32.71,42.67,32.4,0.973,0.168,0.235,0.067,71.78,0.201
5/12/16 7:00,42.84,37.76,32.63,42.69,32.36,0.973,0.168,0.235,0.067,71.53,0.201
5/12/16 8:00,42.89,37.76,32.63,42.74,32.35,0.973,0.168,0.235,0.067,71.16,0.201
5/12/16 9:00,42.96,37.77,32.63,42.78,32.3,0.974,0.168,0.235,0.067,70.09,0.201
5/12/16 10:00,43.1,37.79,32.72,45.44,32.24,0.957,0.168,0.235,0.067,69.32,0.201
5/12/16 11:00,43.35,37.88,32.78,42.79,32.19,0.94,0.168,0.235,0.067,69.25,0.201
5/12/16 12:00,43.56,37.97,32.88,42.75,32.19,0.973,0.168,0.235,0.067,68.46,0.201
5/12/16 13:00,43.8,38.09,32.98,42.92,32.18,0.973,0.168,0.235,0.067,67.22,0.201
5/12/16 14:00,44.06,38.24,33.03,43.12,32.25,0.973,0.168,0.235,0.067,67.02,0.201
5/12/16 15:00,44.26,38.42,33.18,43.29,32.29,0.973,0.168,0.235,0.067,67.23,0.201
5/12/16 16:00,44.4,38.58,33.31,43.43,32.34,0.973,0.168,0.235,0.067,69.23,0.201
5/12/16 17:00,44.52,38.73,33.25,43.56,32.42,0.973,0.168,0.235,0.067,71.83,0.201
5/12/16 18:00,44.59,38.8,33.26,43.61,32.46,0.973,0.168,0.235,0.067,73.05,0.201
5/12/16 19:00,44.64,38.9,33.3,43.64,32.47,0.957,0.168,0.235,0.067,73.52,0.201
5/12/16 20:00,44.62,38.97,33.34,43.67,32.5,0.973,0.168,0.235,0.067,74.16,0.201
5/12/16 21:00,44.67,39.02,33.37,43.64,32.53,0.973,0.168,0.235,0.067,74.53,0.201
5/12/16 22:00,44.68,39.04,33.38,43.59,32.53,0.973,0.168,0.235,0.067,74.69,0.201
5/12/16 23:00,44.77,39.1,33.43,43.58,32.56,0.973,0.168,0.235,0.067,75.71,0.201
5/13/16 0:00,44.81,39.11,33.43,43.6,32.6,0.973,0.168,0.235,0.067,76.01,0.201
5/13/16 1:00,44.74,39.11,33.43,43.55,32.59,0.973,0.168,0.235,0.067,75.89,0.201
5/13/16 2:00,44.66,39.06,33.39,43.51,32.6,0.973,0.168,0.235,0.067,75.58,0.201
5/13/16 3:00,44.6,39.04,33.36,43.44,32.63,0.973,0.168,0.235,0.067,75.83,0.201
5/13/16 4:00,44.63,39.04,33.3,43.4,32.63,0.973,0.168,0.235,0.067,76.03,0.201
5/13/16 5:00,44.79,39.05,33.34,43.45,32.65,0.973,0.168,0.235,0.067,76.13,0.201
5/13/16 6:00,45,39.11,33.37,43.58,32.73,0.973,0.168,0.235,0.067,76.59,0.201
5/13/16 7:00,45.08,39.18,33.44,43.76,32.81,0.974,0.168,0.235,0.067,77.18,0.201
5/13/16 8:00,45.04,39.17,33.43,43.81,32.82,0.973,0.168,0.235,0.067,75.17,0.201
5/13/16 9:00,45,39.17,33.48,43.77,32.77,0.973,0.168,0.235,0.067,73.49,0.201
5/13/16 10:00,45.07,39.26,33.48,43.72,32.8,0.934,0.168,0.235,0.067,71.92,0.201
5/13/16 11:00,45.11,39.32,33.44,43.69,32.79,0.973,0.168,0.235,0.067,70.71,0.201
5/13/16 12:00,45.19,39.43,33.53,43.67,32.79,0.973,0.168,0.235,0.067,71.01,0.201
5/13/16 13:00,45.21,39.51,33.53,43.69,32.86,0.973,0.168,0.235,0.067,71.28,0.201
5/13/16 14:00,45.19,39.57,33.43,43.69,33,0.973,0.168,0.235,0.067,72.44,0.201
5/13/16 15:00,45.1,39.57,33.46,43.67,33.03,0.973,0.168,0.235,0.067,72.54,0.201
5/13/16 16:00,45,39.54,33.35,43.64,33.03,0.973,0.168,0.235,0.067,72.86,0.201
5/13/16 17:00,44.91,39.44,33.44,43.6,33.03,0.973,0.168,0.235,0.067,72.75,0.201
5/13/16 18:00,44.82,39.32,33.42,43.53,33,0.957,0.168,0.235,0.067,75.94,0.201
5/13/16 19:00,44.68,39.22,33.3,43.54,33.03,0.968,0.168,0.235,0.067,75.55,0.201
5/13/16 20:00,44.51,39.06,33.1,43.48,33.03,0.973,0.168,0.235,0.067,74.78,0.201
5/13/16 21:00,44.32,38.9,32.75,43.43,33.03,0.974,0.168,0.235,0.067,75.35,0.201
5/13/16 22:00,44.12,38.72,32.43,43.35,33.03,0.974,0.168,0.235,0.067,75.44,0.201
5/13/16 23:00,43.9,38.56,32.34,43.25,33.03,0.974,0.168,0.235,0.067,75.88,0.201
5/14/16 0:00,43.65,38.37,32.1,43.12,33.03,0.973,0.168,0.235,0.067,75.57,0.201
5/14/16 1:00,43.43,38.19,32.32,42.98,32.98,0.973,0.168,0.235,0.067,76.14,0.201
5/14/16 2:00,43.22,38.03,32.32,42.85,32.93,0.973,0.168,0.235,0.067,76.02,0.201
5/14/16 3:00,43,37.85,32.34,42.74,32.85,0.973,0.168,0.235,0.067,75.58,0.201
5/14/16 4:00,42.84,37.7,32.37,42.64,32.79,0.973,0.168,0.235,0.067,75.48,0.201
5/14/16 5:00,42.7,37.58,32.37,42.6,32.72,0.973,0.168,0.235,0.067,75.75,0.201
5/14/16 6:00,42.67,37.51,32.36,42.57,32.68,0.973,0.168,0.235,0.067,75.46,0.201
5/14/16 7:00,42.77,37.49,32.35,42.64,32.67,0.996,0.168,0.235,0.067,74.82,0.201
5/14/16 8:00,42.8,37.44,32.31,42.76,32.63,0.973,0.168,0.235,0.067,74.38,0.201
5/14/16 9:00,42.81,37.42,32.29,42.84,32.63,0.973,0.168,0.235,0.067,73.57,0.201
5/14/16 10:00,42.98,37.4,32.19,42.9,32.66,0.973,0.168,0.235,0.067,72.6,0.201
5/14/16 11:00,43.12,37.42,32.07,42.98,32.69,0.973,0.168,0.235,0.067,71.22,0.201
5/14/16 12:00,43.25,37.49,32.32,43.01,32.59,0.962,0.168,0.235,0.067,69.08,0.201
5/14/16 13:00,43.37,37.6,32.28,43.09,32.46,0.973,0.168,0.235,0.067,68.05,0.201
5/14/16 14:00,43.5,37.69,32.55,43.17,32.44,0.973,0.168,0.235,0.067,67.91,0.201
5/14/16 15:00,43.73,37.85,32.71,43.3,32.45,0.973,0.168,0.235,0.067,70.08,0.201
5/14/16 16:00,44,38.02,32.84,43.47,32.46,0.973,0.168,0.235,0.067,70.76,0.201
5/14/16 17:00,44.16,38.19,32.94,43.64,32.52,0.973,0.168,0.235,0.067,70.93,0.201
5/14/16 18:00,44.33,38.35,33.04,43.79,32.57,0.973,0.168,0.235,0.067,71.81,0.201
5/14/16 19:00,44.44,38.5,33.15,43.92,32.62,0.973,0.168,0.235,0.067,72.57,0.201
5/14/16 20:00,44.51,38.61,33.17,43.99,32.71,0.973,0.168,0.235,0.067,73.69,0.201
5/14/16 21:00,44.58,38.69,33.26,44.02,32.78,0.973,0.168,0.235,0.067,74.59,0.201
5/14/16 22:00,44.72,38.78,33.33,44.07,32.82,0.973,0.168,0.235,0.067,74.82,0.201
5/14/16 23:00,44.94,38.9,33.42,44.13,32.89,0.973,0.168,0.235,0.067,74.82,0.201
5/15/16 0:00,45.09,38.98,33.55,44.2,32.94,0.973,0.168,0.235,0.067,75.01,0.201
5/15/16 1:00,45.1,39.04,33.64,44.22,32.97,0.973,0.168,0.235,0.067,75.16,0.201
5/15/16 2:00,45.01,39.01,33.62,44.21,33.01,0.973,0.168,0.235,0.067,76.17,0.201
5/15/16 3:00,44.87,38.97,33.64,44.13,33.05,0.973,0.168,0.235,0.067,77.17,0.201
5/15/16 4:00,44.76,38.91,33.61,44.04,33.1,0.973,0.168,0.235,0.067,77.66,0.201
5/15/16 5:00,44.69,38.91,33.55,43.93,33.1,0.974,0.168,0.235,0.067,77.86,0.201
5/15/16 6:00,44.63,38.9,33.5,43.86,33.1,0.974,0.168,0.235,0.067,77.42,0.201
5/15/16 7:00,44.51,38.83,33.39,43.79,33.08,0.974,0.168,0.235,0.067,76.52,0.201
5/15/16 8:00,44.42,38.75,33.37,43.72,33.08,0.974,0.168,0.235,0.067,76.21,0.201
5/15/16 9:00,44.35,38.66,33.3,43.67,33.04,0.973,0.168,0.235,0.067,75.51,0.201
5/15/16 10:00,44.36,38.69,33.29,45.19,33.08,0.973,0.168,0.235,0.067,75.51,0.201
5/15/16 11:00,44.3,38.57,33.25,44.15,33.03,0.973,0.168,0.235,0.067,75.43,0.201
5/15/16 12:00,44.18,38.49,33.16,43.59,33.03,0.973,0.168,0.235,0.067,74.39,0.201
5/15/16 13:00,44.03,38.39,32.81,43.48,33,0.973,0.168,0.235,0.067,73.33,0.201
5/15/16 14:00,43.89,38.33,32.88,43.38,32.93,0.968,0.168,0.235,0.067,72.05,0.201
5/15/16 15:00,43.82,38.32,33.06,43.32,32.83,0.962,0.168,0.235,0.067,72.14,0.201
5/15/16 16:00,43.93,38.29,33.15,43.35,32.74,0.973,0.168,0.235,0.067,72.83,0.201
5/15/16 17:00,44.13,38.35,33.29,43.44,32.72,0.973,0.168,0.235,0.067,73.38,0.201
5/15/16 18:00,44.26,38.42,33.3,43.59,32.72,0.973,0.168,0.235,0.067,73.93,0.201
5/15/16 19:00,44.32,38.49,33.18,43.7,32.73,0.973,0.168,0.235,0.067,74.7,0.201
5/15/16 20:00,44.31,38.5,32.91,43.74,32.78,0.973,0.168,0.235,0.067,76.23,0.201
5/15/16 21:00,44.32,38.55,32.77,43.79,32.8,0.973,0.168,0.235,0.067,76.94,0.201
5/15/16 22:00,44.37,38.58,32.74,43.81,32.81,0.973,0.168,0.235,0.067,78.02,0.201
5/15/16 23:00,44.56,38.65,32.73,43.86,32.86,0.973,0.168,0.235,0.067,78.41,0.201
5/16/16 0:00,44.67,38.7,32.79,43.95,32.92,0.973,0.168,0.235,0.067,78.8,0.201
5/16/16 1:00,44.66,38.7,32.83,44.01,32.93,0.973,0.168,0.235,0.067,78.7,0.201
5/16/16 2:00,44.57,38.7,32.87,43.96,32.9,0.973,0.168,0.235,0.067,78.73,0.201
5/16/16 3:00,44.48,38.7,32.89,43.86,32.86,0.973,0.168,0.235,0.067,79.13,0.201
5/16/16 4:00,44.39,38.7,32.94,43.78,32.86,0.973,0.168,0.235,0.067,79.01,0.201
5/16/16 5:00,44.48,38.7,32.87,43.69,32.86,0.973,0.168,0.235,0.067,79.15,0.201
5/16/16 6:00,44.61,38.76,32.87,43.61,32.85,0.973,0.168,0.235,0.067,79.27,0.201
5/16/16 7:00,44.56,38.78,32.9,43.57,32.83,0.973,0.168,0.235,0.067,79.09,0.201
5/16/16 8:00,44.54,38.83,32.87,43.5,32.81,0.973,0.168,0.235,0.067,78.43,0.201
5/16/16 9:00,44.54,38.86,32.96,43.47,32.8,0.957,0.168,0.235,0.067,77.95,0.201
5/16/16 10:00,44.49,38.89,32.97,43.44,32.79,0.973,0.168,0.235,0.067,77.07,0.201
5/16/16 11:00,44.55,38.92,33.07,43.4,32.79,0.973,0.168,0.235,0.067,76.09,0.201
5/16/16 12:00,44.62,38.97,33.11,43.44,32.79,0.973,0.168,0.235,0.067,75.14,0.201
5/16/16 13:00,44.7,39.04,33.13,43.48,32.79,0.973,0.168,0.235,0.067,73.68,0.201
5/16/16 14:00,44.84,39.12,33.25,43.57,32.79,0.973,0.168,0.235,0.067,74.57,0.201
5/16/16 15:00,44.93,39.18,33.35,43.66,32.79,0.973,0.168,0.235,0.067,75.66,0.201
5/16/16 16:00,44.94,39.23,33.37,43.73,32.79,0.973,0.168,0.235,0.067,76.81,0.201
5/16/16 17:00,44.97,39.26,33.43,43.75,32.77,0.962,0.168,0.235,0.067,77.15,0.201
5/16/16 18:00,45.01,39.35,33.44,43.82,32.76,0.968,0.168,0.235,0.067,77.7,0.201
5/16/16 19:00,45.05,39.41,33.48,43.87,32.8,0.973,0.168,0.235,0.067,78.78,0.201
5/16/16 20:00,45.08,39.47,33.27,43.87,32.94,0.973,0.168,0.235,0.067,80.8,0.201
5/16/16 21:00,45.04,39.54,33.27,43.87,33,0.973,0.168,0.235,0.067,81.8,0.201
5/16/16 22:00,45,39.58,33.14,43.83,33.06,0.973,0.168,0.235,0.067,82.5,0.201
5/16/16 23:00,44.9,39.58,33.25,43.79,33.1,0.974,0.168,0.235,0.067,82.7,0.201
5/17/16 0:00,44.74,39.53,33.3,43.69,33.1,0.973,0.168,0.235,0.067,83,0.201
5/17/16 1:00,44.56,39.41,33.16,43.54,33.1,0.974,0.168,0.235,0.067,83.2,0.201
5/17/16 2:00,44.38,39.28,32.79,43.43,33.1,0.974,0.168,0.235,0.067,82.8,0.201
5/17/16 3:00,44.18,39.13,32.36,43.29,33.05,0.974,0.168,0.235,0.067,82.9,0.201
5/17/16 4:00,43.98,38.98,31.9,43.16,33.01,0.973,0.168,0.235,0.067,83.6,0.201
5/17/16 5:00,43.77,38.83,31.47,43.03,32.96,0.973,0.168,0.235,0.067,82.9,0.201
5/17/16 6:00,43.56,38.69,31.29,42.92,32.96,0.973,0.168,0.235,0.067,83.6,0.201
5/17/16 7:00,43.31,38.55,31.15,42.79,32.9,0.973,0.168,0.235,0.067,83.5,0.201
5/17/16 8:00,43.1,38.43,31,42.69,32.9,0.973,0.168,0.235,0.067,83,0.201
5/17/16 9:00,42.88,38.29,30.88,42.58,32.85,0.974,0.168,0.235,0.067,82.5,0.201
5/17/16 10:00,42.74,38.21,30.93,42.5,32.85,0.951,0.168,0.235,0.067,81.7,0.201
5/17/16 11:00,42.58,38.11,31.01,42.53,32.83,0.973,0.168,0.235,0.067,80.5,0.201
5/17/16 12:00,42.51,38.05,30.91,42.56,32.82,0.973,0.168,0.235,0.067,79.9,0.201
5/17/16 13:00,42.47,38.02,31.05,42.6,32.77,0.973,0.168,0.235,0.067,80.2,0.201
5/17/16 14:00,42.52,38.02,31.61,42.68,32.69,0.973,0.168,0.235,0.067,80.1,0.201
5/17/16 15:00,42.57,38.04,31.93,42.78,32.6,0.973,0.168,0.235,0.067,80.3,0.201
5/17/16 16:00,42.66,38.09,32.15,42.9,32.52,0.973,0.168,0.235,0.067,80.9,0.201
5/17/16 17:00,42.82,38.15,32.44,43.04,32.45,0.973,0.168,0.235,0.067,81.9,0.201
5/17/16 18:00,43.03,38.25,32.53,45.2,32.39,0.962,0.168,0.235,0.067,82.8,0.201
5/17/16 19:00,43.26,38.35,32.58,44.8,32.39,0.956,0.168,0.235,0.067,83.4,0.201
5/17/16 20:00,43.42,38.43,32.64,43.5,32.39,0.973,0.168,0.235,0.067,84.1,0.201
5/17/16 21:00,43.58,38.5,32.68,43.55,32.39,0.973,0.168,0.235,0.067,85,0.201
5/17/16 22:00,43.72,38.56,32.81,43.6,32.44,0.973,0.168,0.235,0.067,86.1,0.201
5/17/16 23:00,43.81,38.57,32.76,43.63,32.57,0.973,0.168,0.235,0.067,87,0.201
5/18/16 0:00,43.78,38.56,32.77,43.59,32.62,0.973,0.168,0.235,0.067,86.9,0.201
5/18/16 1:00,43.69,38.46,32.69,43.49,32.56,0.974,0.168,0.235,0.067,87.5,0.201
5/18/16 2:00,43.61,38.36,32.68,43.38,32.56,0.973,0.168,0.235,0.067,87.7,0.201
5/18/16 3:00,43.65,38.3,32.67,43.33,32.52,0.974,0.168,0.235,0.067,88.4,0.201
5/18/16 4:00,43.74,38.29,32.68,43.37,32.56,0.974,0.168,0.235,0.067,88.6,0.201
5/18/16 5:00,43.77,38.24,32.77,43.4,32.56,0.974,0.168,0.235,0.067,88.8,0.201
5/18/16 6:00,43.81,38.18,32.8,43.4,32.54,0.974,0.168,0.235,0.067,89.2,0.201
5/18/16 7:00,43.87,38.17,32.86,43.45,32.54,0.974,0.168,0.235,0.067,89.5,0.201
5/18/16 8:00,43.93,38.17,32.9,43.47,32.56,0.973,0.168,0.235,0.067,89.1,0.201
5/18/16 9:00,43.93,38.18,32.91,43.46,32.53,0.973,0.168,0.235,0.067,88,0.201
5/18/16 10:00,43.99,38.27,32.9,43.44,32.52,0.951,0.168,0.235,0.067,86.9,0.201
5/18/16 11:00,44.04,38.36,32.93,43.46,32.52,0.973,0.168,0.235,0.067,86,0.201
5/18/16 12:00,44.17,38.46,32.94,43.46,32.52,0.973,0.168,0.235,0.067,85.6,0.201
5/18/16 13:00,44.3,38.59,33,43.49,32.53,0.973,0.168,0.235,0.067,85.5,0.201
5/18/16 14:00,44.38,38.71,33.03,43.55,32.55,0.973,0.168,0.235,0.067,85.5,0.201
5/18/16 15:00,44.46,38.8,33.17,43.59,32.52,0.973,0.168,0.235,0.067,86.2,0.201
5/18/16 16:00,44.48,38.92,33.27,43.66,32.52,0.973,0.168,0.235,0.067,87.2,0.201
5/18/16 17:00,44.59,39.04,33.1,43.7,32.53,0.968,0.168,0.235,0.067,88.4,0.201
5/18/16 18:00,44.76,39.19,32.83,43.81,32.59,0.962,0.168,0.235,0.067,89.2,0.201
5/18/16 19:00,44.97,39.29,32.83,43.92,32.59,0.973,0.168,0.235,0.067,89.9,0.201
5/18/16 20:00,45.11,39.39,32.8,44.03,32.65,0.973,0.168,0.235,0.067,91,0.201
5/18/16 21:00,45.17,39.44,32.81,44.11,32.71,0.973,0.168,0.235,0.067,91.2,0.201
5/18/16 22:00,45.15,39.48,32.99,44.14,32.86,0.973,0.168,0.235,0.067,92,0.201
5/18/16 23:00,45.11,39.51,33.09,44.13,32.94,0.973,0.168,0.235,0.067,92.5,0.201
5/19/16 0:00,45.02,39.45,33.01,44.05,32.94,0.973,0.168,0.235,0.067,92.8,0.201
5/19/16 1:00,44.97,39.41,33.04,43.98,32.94,0.974,0.168,0.235,0.067,92.9,0.201
5/19/16 2:00,44.92,39.33,33.08,43.91,32.93,0.973,0.168,0.235,0.067,93.2,0.201
5/19/16 3:00,44.8,39.26,33.04,43.84,32.91,0.973,0.168,0.235,0.067,93.4,0.201
5/19/16 4:00,44.64,39.19,32.96,43.75,32.9,0.973,0.168,0.235,0.067,93.8,0.201
5/19/16 5:00,44.47,39.15,32.85,43.61,32.91,0.973,0.168,0.235,0.067,94.5,0.201
5/19/16 6:00,44.3,39.11,32.85,43.47,32.9,0.973,0.168,0.235,0.067,95.1,0.201
5/19/16 7:00,44.18,39.1,32.89,43.34,32.91,0.973,0.168,0.235,0.067,95,0.201
5/19/16 8:00,44.05,39.05,32.86,43.21,32.9,0.973,0.168,0.235,0.067,94.6,0.201
5/19/16 9:00,43.96,39.04,32.81,43.1,32.9,0.973,0.168,0.235,0.067,93.9,0.201
5/19/16 10:00,43.88,39.04,32.74,42.99,32.91,0.957,0.168,0.235,0.067,92.7,0.201
5/19/16 11:00,43.81,38.99,32.44,42.96,32.96,0.962,0.168,0.235,0.067,90.4,0.201
5/19/16 12:00,43.74,38.91,32.16,42.93,33.01,0.973,0.168,0.235,0.067,90.7,0.201
5/19/16 13:00,43.73,38.8,31.9,42.9,33.04,0.973,0.168,0.235,0.067,90.4,0.201
5/19/16 14:00,43.65,38.68,32.01,42.88,33.02,0.973,0.168,0.235,0.067,90,0.201
5/19/16 15:00,43.6,38.57,32.06,42.92,32.99,0.973,0.168,0.235,0.067,90.9,0.201
5/19/16 16:00,43.57,38.47,31.96,42.97,32.96,0.973,0.168,0.235,0.067,90.9,0.201
5/19/16 17:00,43.55,38.38,32.11,43.05,32.96,0.973,0.168,0.235,0.067,90.9,0.201
5/19/16 18:00,43.59,38.3,32.23,43.17,32.89,0.973,0.168,0.235,0.067,91.2,0.201
5/19/16 19:00,43.72,38.3,32.25,43.32,32.88,0.962,0.168,0.235,0.067,91.8,0.201
5/19/16 20:00,43.88,38.3,32.36,43.53,32.94,0.973,0.168,0.235,0.067,92.7,0.201
5/19/16 21:00,44.18,38.34,32.47,43.76,33,0.973,0.168,0.235,0.067,93.1,0.201
5/19/16 22:00,44.28,38.39,32.45,43.96,33.08,0.973,0.168,0.235,0.067,92.9,0.201
5/19/16 23:00,44.24,38.38,32.45,44.05,33.1,0.973,0.168,0.235,0.067,93.3,0.201
5/20/16 0:00,44.1,38.29,32.48,43.99,33.1,0.973,0.168,0.235,0.067,93.3,0.201
5/20/16 1:00,43.94,38.19,32.43,43.85,33.06,0.973,0.168,0.235,0.067,93,0.201
5/20/16 2:00,43.76,38.1,32.41,43.69,33.03,0.973,0.168,0.235,0.067,93.8,0.201
5/20/16 3:00,43.59,38.01,32.46,43.52,32.99,0.973,0.168,0.235,0.067,94.4,0.201
5/20/16 4:00,43.43,37.95,32.52,43.34,32.94,0.973,0.168,0.235,0.067,94.3,0.201
5/20/16 5:00,43.29,37.9,32.49,43.16,32.9,0.973,0.168,0.235,0.067,94.6,0.201
5/20/16 6:00,43.1,37.9,32.47,43,32.84,0.974,0.168,0.235,0.067,95.1,0.201
5/20/16 7:00,42.9,37.9,32.42,42.81,32.82,0.974,0.168,0.235,0.067,95,0.201
5/20/16 8:00,42.75,37.9,32.37,42.62,32.79,0.946,0.168,0.235,0.067,93.8,0.201
5/20/16 9:00,42.54,37.84,32.34,42.5,32.79,0.968,0.168,0.235,0.067,93.3,0.201
5/20/16 10:00,42.42,37.78,31.96,42.42,32.8,0.973,0.168,0.235,0.067,92.7,0.201
5/20/16 11:00,42.42,37.77,32.26,42.41,32.85,0.973,0.168,0.235,0.067,93,0.201
5/20/16 12:00,42.48,37.82,32.26,42.48,32.89,0.973,0.168,0.235,0.067,91.8,0.201
5/20/16 13:00,42.57,37.88,32.33,42.56,32.88,0.973,0.168,0.235,0.067,91.7,0.201
5/20/16 14:00,42.64,37.97,32.37,42.65,32.79,0.973,0.168,0.235,0.067,91.4,0.201
5/20/16 15:00,42.7,38.03,32.57,42.75,32.65,0.973,0.168,0.235,0.067,91,0.201
5/20/16 16:00,42.84,38.1,32.75,42.86,32.55,0.973,0.168,0.235,0.067,90.8,0.201
5/20/16 17:00,43.07,38.23,32.86,45.83,32.49,0.962,0.168,0.235,0.067,91,0.201
5/20/16 18:00,43.27,38.33,32.99,43.25,32.45,0.973,0.168,0.235,0.067,91.4,0.201
5/20/16 19:00,43.52,38.44,33.1,43.4,32.44,0.973,0.168,0.235,0.067,92.3,0.201
5/20/16 20:00,44.03,38.56,33.22,43.61,32.44,0.973,0.168,0.235,0.067,93.1,0.201
5/20/16 21:00,44.35,38.73,33.36,43.85,32.55,0.973,0.168,0.235,0.067,93.1,0.201
5/20/16 22:00,44.39,38.81,33.43,44,32.61,0.973,0.168,0.235,0.067,93.2,0.201
5/20/16 23:00,44.54,38.84,33.47,44.07,32.67,0.973,0.168,0.235,0.067,93.5,0.201
5/21/16 0:00,44.6,38.84,33.52,44.11,32.96,0.973,0.168,0.235,0.067,94.8,0.201
5/21/16 1:00,44.45,38.81,33.41,44.05,33.01,0.974,0.168,0.235,0.067,94.9,0.201
5/21/16 2:00,44.23,38.74,33.13,43.91,32.98,0.973,0.168,0.235,0.067,93.8,0.201
5/21/16 3:00,43.99,38.65,32.91,43.72,32.94,0.974,0.168,0.235,0.067,94.4,0.201
5/21/16 4:00,43.75,38.54,32.68,43.52,32.9,0.973,0.168,0.235,0.067,94.7,0.201
5/21/16 5:00,43.52,38.44,32.58,43.32,32.9,0.973,0.168,0.235,0.067,95.4,0.201
5/21/16 6:00,43.3,38.33,32.33,43.13,32.9,0.974,0.168,0.235,0.067,98,0.201
5/21/16 7:00,43.08,38.21,32.18,42.98,32.89,0.973,0.168,0.235,0.067,102.5,0.201
5/21/16 8:00,42.88,38.1,31.92,42.84,32.9,0.973,0.168,0.235,0.067,104.2,0.201
5/21/16 9:00,42.68,38.01,31.66,42.75,32.9,0.974,0.168,0.235,0.067,103.7,0.201
5/21/16 10:00,42.51,37.93,31.63,42.69,32.9,0.973,0.168,0.235,0.067,105.8,0.201
5/21/16 11:00,43.22,37.82,31.64,42.67,32.91,0.973,0.168,0.235,0.067,109.8,0.201
5/21/16 12:00,43.37,37.76,31.67,42.66,32.91,0.973,0.168,0.235,0.067,129.1,0.201
5/21/16 13:00,43.22,37.69,31.7,42.67,32.87,0.973,0.168,0.235,0.067,143.7,0.201
5/21/16 14:00,43.13,37.73,32.07,42.75,32.78,0.973,0.168,0.235,0.067,162.2,0.201
5/21/16 15:00,43.08,37.75,32.27,42.83,32.7,0.973,0.168,0.235,0.067,NAN,0.201
5/21/16 16:00,43.05,37.79,32.43,42.93,32.59,0.973,0.168,0.235,0.067,NAN,0.201
5/21/16 17:00,43.1,37.86,32.63,43.02,32.51,0.973,0.168,0.235,0.067,NAN,0.201
5/21/16 18:00,43.19,37.97,32.79,43.16,32.49,0.973,0.168,0.235,0.067,NAN,0.201
5/21/16 19:00,43.29,38.09,32.7,43.28,32.46,0.973,0.168,0.235,0.067,NAN,0.201
5/21/16 20:00,43.35,38.21,32.63,43.33,32.45,0.973,0.168,0.235,0.067,NAN,0.201
5/21/16 21:00,43.42,38.28,32.63,43.34,32.45,0.973,0.168,0.235,0.067,NAN,0.201
5/21/16 22:00,43.46,38.35,32.64,43.33,32.42,0.973,0.168,0.235,0.067,NAN,0.201
5/21/16 23:00,43.5,38.37,32.69,43.29,32.42,0.973,0.168,0.235,0.067,NAN,0.201
5/22/16 0:00,43.54,38.37,32.67,43.25,32.39,0.973,0.168,0.235,0.067,NAN,0.201
5/22/16 1:00,43.57,38.36,32.63,43.19,32.35,0.973,0.168,0.235,0.067,181,0.201
5/22/16 2:00,43.69,38.3,32.63,43.14,32.29,0.973,0.168,0.235,0.067,177.3,0.201
5/22/16 3:00,43.76,38.26,32.63,43.15,32.26,0.973,0.168,0.235,0.067,173,0.201
5/22/16 4:00,43.75,38.23,32.62,43.17,32.24,0.973,0.168,0.235,0.067,168.8,0.201
5/22/16 5:00,43.79,38.17,32.57,43.14,32.2,0.974,0.168,0.235,0.067,163.9,0.201
5/22/16 6:00,44.1,38.21,32.61,43.21,32.24,0.974,0.168,0.235,0.067,160.7,0.201
5/22/16 7:00,44.52,38.3,32.7,43.38,32.36,0.94,0.168,0.235,0.067,156,0.201
5/22/16 8:00,45.02,38.45,32.85,43.69,32.52,0.946,0.168,0.235,0.067,148.2,0.201
5/22/16 9:00,45.42,38.62,33.04,44,32.65,0.973,0.162,0.235,0.067,144.1,0.201
5/22/16 10:00,45.46,38.73,33.24,44.24,32.67,0.973,0.168,0.235,0.067,141.7,0.201
5/22/16 11:00,45.4,38.85,33.31,44.31,32.72,0.973,0.168,0.235,0.067,139.6,0.201
5/22/16 12:00,45.33,38.98,33.32,44.23,32.72,0.973,0.168,0.235,0.067,138.9,0.201
5/22/16 13:00,45.3,39.12,33.08,44.16,32.71,0.973,0.168,0.235,0.067,139,0.201
5/22/16 14:00,45.26,39.27,33.14,44.1,32.71,0.973,0.168,0.235,0.067,140.1,0.201
5/22/16 15:00,45.25,39.41,33.31,44.05,32.67,0.973,0.168,0.235,0.067,140.3,0.201
5/22/16 16:00,45.29,39.54,33.33,44.07,32.64,0.973,0.168,0.235,0.067,139.6,0.201
5/22/16 17:00,45.38,39.69,33.26,44.13,32.65,0.973,0.168,0.235,0.067,138.3,0.201
5/22/16 18:00,45.5,39.83,33.22,44.2,32.69,0.973,0.168,0.235,0.067,136.6,0.201
5/22/16 19:00,45.6,39.94,33.28,44.27,32.72,0.973,0.168,0.235,0.067,133.9,0.201
5/22/16 20:00,45.74,40.03,33.29,44.35,32.8,0.973,0.168,0.235,0.067,131.2,0.201
5/22/16 21:00,45.86,40.04,33.36,44.43,32.87,0.973,0.168,0.235,0.067,128.3,0.201
5/22/16 22:00,46.08,40.06,33.41,44.52,32.97,0.973,0.168,0.235,0.067,125.5,0.201
5/22/16 23:00,46.33,40.15,33.53,44.67,33.13,0.973,0.168,0.235,0.067,122.6,0.201
5/23/16 0:00,46.36,40.17,33.6,44.78,33.23,0.973,0.168,0.235,0.067,118.4,0.201
5/23/16 1:00,46.24,40.12,33.54,44.81,33.26,0.973,0.168,0.235,0.067,116.5,0.201
5/23/16 2:00,46.09,40.07,33.5,44.74,33.26,0.973,0.168,0.235,0.067,114.4,0.201
5/23/16 3:00,45.98,40.04,33.45,44.65,33.25,0.973,0.168,0.235,0.067,112.4,0.201
5/23/16 4:00,45.86,40.04,33.44,44.57,33.24,0.973,0.168,0.235,0.067,110.8,0.201
5/23/16 5:00,45.76,40.04,33.37,44.46,33.23,0.973,0.168,0.235,0.067,109.6,0.201
5/23/16 6:00,45.68,40.11,33.36,44.38,33.24,0.973,0.168,0.235,0.067,108.6,0.201
5/23/16 7:00,45.61,40.11,33.36,44.29,33.23,0.973,0.168,0.235,0.067,107.7,0.201
5/23/16 8:00,45.61,40.13,33.34,44.22,33.22,0.973,0.168,0.235,0.067,105.9,0.201
5/23/16 9:00,45.69,40.19,33.37,44.13,33.2,0.957,0.168,0.235,0.067,102.9,0.201
5/23/16 10:00,45.82,40.25,33.52,51.57,33.24,0.951,0.162,0.235,0.067,101.2,0.201
5/23/16 11:00,45.92,40.3,33.63,45.43,33.2,0.973,0.168,0.235,0.067,99.3,0.201
5/23/16 12:00,46.12,40.35,33.68,44.76,33.23,0.973,0.168,0.235,0.067,96.8,0.201
5/23/16 13:00,46.33,40.39,33.72,44.75,33.28,0.973,0.168,0.235,0.067,97.2,0.201
5/23/16 14:00,46.46,40.44,33.64,44.87,33.38,0.973,0.168,0.235,0.067,97.2,0.201
5/23/16 15:00,46.53,40.52,33.35,44.94,33.44,0.973,0.168,0.235,0.067,97,0.201
5/23/16 16:00,46.48,40.57,33.38,44.98,33.46,0.973,0.168,0.235,0.067,95.7,0.201
5/23/16 17:00,46.47,40.68,33.28,44.99,33.5,0.962,0.168,0.235,0.067,96.3,0.201
5/23/16 18:00,46.41,40.75,33.29,45,33.52,0.973,0.168,0.235,0.067,96.5,0.201
5/23/16 19:00,46.41,40.82,33.18,45,33.52,0.973,0.168,0.235,0.067,97.8,0.201
5/23/16 20:00,46.41,40.87,33.19,45,33.57,0.973,0.168,0.235,0.067,99.3,0.201
5/23/16 21:00,46.39,40.91,33.24,45,33.6,0.973,0.168,0.235,0.067,100,0.201
5/23/16 22:00,46.33,40.94,33.29,44.95,33.61,0.973,0.168,0.235,0.067,100.6,0.201
5/23/16 23:00,46.27,40.98,33.29,44.93,33.66,0.973,0.168,0.235,0.067,101.1,0.201
5/24/16 0:00,46.17,40.98,33.3,44.85,33.64,0.973,0.168,0.235,0.067,101.7,0.201
5/24/16 1:00,46.05,40.93,33.24,44.74,33.6,0.973,0.168,0.235,0.067,101.6,0.201
5/24/16 2:00,45.97,40.91,33.23,44.63,33.57,0.973,0.168,0.235,0.067,101.7,0.201
5/24/16 3:00,45.89,40.91,33.18,44.5,33.53,0.973,0.168,0.235,0.067,102,0.201
5/24/16 4:00,45.83,40.91,33.16,44.42,33.53,0.973,0.168,0.235,0.067,102.5,0.201
5/24/16 5:00,45.85,40.91,33.17,44.35,33.53,0.973,0.168,0.235,0.067,102.8,0.201
5/24/16 6:00,45.82,40.92,33.18,44.34,33.53,0.973,0.168,0.235,0.067,103.2,0.201
5/24/16 7:00,45.82,40.92,33.18,44.31,33.59,0.973,0.168,0.235,0.067,103.5,0.201
5/24/16 8:00,45.82,40.95,33.19,44.28,33.61,0.973,0.168,0.235,0.067,103.2,0.201
5/24/16 9:00,45.82,40.98,33.2,44.26,33.58,0.973,0.168,0.235,0.067,101.2,0.201
5/24/16 10:00,45.86,41.01,33.28,44.26,33.53,0.973,0.168,0.235,0.067,99.1,0.201
5/24/16 11:00,45.93,41.04,33.33,44.26,33.52,0.973,0.168,0.235,0.067,98.4,0.201
5/24/16 12:00,45.99,41.04,33.35,44.27,33.48,0.973,0.168,0.235,0.067,97.6,0.201
5/24/16 13:00,46.08,41.07,33.37,44.32,33.45,0.973,0.168,0.235,0.067,97,0.201
5/24/16 14:00,46.21,41.13,33.43,44.43,33.45,0.973,0.168,0.229,0.067,97.9,0.201
5/24/16 15:00,46.32,41.17,33.39,44.55,33.45,0.973,0.168,0.235,0.067,98.5,0.201
5/24/16 16:00,46.36,41.22,33.4,44.64,33.45,0.973,0.168,0.235,0.067,99.3,0.201
5/24/16 17:00,46.46,41.27,33.44,44.69,33.45,0.956,0.162,0.229,0.067,100.1,0.201
5/24/16 18:00,46.54,41.31,33.51,44.81,33.46,0.962,0.168,0.229,0.067,101,0.201
5/24/16 19:00,46.59,41.37,33.55,44.89,33.49,0.973,0.168,0.235,0.067,102.1,0.201
5/24/16 20:00,46.61,41.38,33.59,44.94,33.53,0.973,0.168,0.235,0.067,103.5,0.201
5/24/16 21:00,46.62,41.38,33.63,44.95,33.58,0.973,0.168,0.235,0.067,104.4,0.201
5/24/16 22:00,46.66,41.38,34.3,45,33.61,0.973,0.168,0.235,0.067,104.9,0.201
5/24/16 23:00,46.61,41.38,34.33,44.99,33.64,0.973,0.168,0.235,0.067,105.1,0.201
5/25/16 0:00,46.52,41.38,34.32,44.93,33.63,0.973,0.168,0.235,0.067,105.4,0.201
5/25/16 1:00,46.45,41.38,34.28,44.85,33.6,0.973,0.168,0.235,0.067,105.7,0.201
5/25/16 2:00,46.39,41.39,34.24,44.77,33.6,0.973,0.168,0.235,0.067,106.2,0.201
5/25/16 3:00,46.32,41.39,34.19,44.69,33.6,0.973,0.168,0.235,0.067,106.6,0.201
5/25/16 4:00,46.27,41.37,34.17,44.61,33.58,0.973,0.168,0.235,0.067,106.8,0.201
5/25/16 5:00,46.18,41.32,34.12,44.51,33.53,0.973,0.168,0.235,0.067,107.3,0.201
5/25/16 6:00,46.16,41.27,34.12,44.45,33.51,0.973,0.168,0.235,0.067,107.9,0.201
5/25/16 7:00,46.16,41.24,34.11,44.41,33.49,0.973,0.168,0.235,0.067,107.5,0.201
5/25/16 8:00,46.17,41.19,34.08,44.41,33.47,0.973,0.168,0.235,0.067,106.7,0.201
5/25/16 9:00,46.19,41.18,34.05,44.38,33.45,0.973,0.168,0.235,0.067,105.2,0.201
5/25/16 10:00,46.22,41.21,34,44.34,33.39,0.973,0.168,0.235,0.067,103.5,0.201
5/25/16 11:00,46.28,41.25,34.03,44.33,33.39,0.973,0.168,0.235,0.067,102.4,0.201
5/25/16 12:00,46.36,41.31,34.04,44.31,33.41,0.973,0.168,0.235,0.067,101,0.201
5/25/16 13:00,46.42,41.31,34.05,44.32,33.43,0.973,0.168,0.218,0.067,100.8,0.201
5/25/16 14:00,46.54,41.4,34.14,44.39,33.45,0.945,0.162,0.218,0.067,101.5,0.201
5/25/16 15:00,46.54,41.44,34.09,44.53,33.45,0.973,0.168,0.229,0.067,103.3,0.201
5/25/16 16:00,46.6,41.49,34.08,44.6,33.44,0.973,0.168,0.235,0.067,104.6,0.201
5/25/16 17:00,46.6,41.5,34.05,44.66,33.44,0.973,0.168,0.229,0.067,105.8,0.201
5/25/16 18:00,46.65,41.58,34.22,44.7,33.46,0.973,0.168,0.229,0.067,106.9,0.201
5/25/16 19:00,46.71,41.59,34.22,44.73,33.46,0.973,0.168,0.229,0.067,108.9,0.201
5/25/16 20:00,46.75,41.62,34.16,44.77,33.46,0.973,0.168,0.235,0.067,110.3,0.201
5/25/16 21:00,46.75,41.62,34.12,44.77,33.46,0.973,0.168,0.235,0.067,110.9,0.201
5/25/16 22:00,46.75,41.65,34.13,44.75,33.46,0.973,0.168,0.229,0.067,111.4,0.201
5/25/16 23:00,46.76,41.62,34.17,44.74,33.47,0.973,0.168,0.235,0.067,112.2,0.201
5/26/16 0:00,46.74,41.59,34.14,44.7,33.47,0.973,0.168,0.235,0.067,113.2,0.201
5/26/16 1:00,46.69,41.56,34.16,44.66,33.45,0.973,0.168,0.235,0.067,113.7,0.201
5/26/16 2:00,46.63,41.48,34.08,44.57,33.4,0.973,0.168,0.229,0.067,113.2,0.201
5/26/16 3:00,46.56,41.41,34.03,44.5,33.4,0.974,0.168,0.235,0.067,113.1,0.201
5/26/16 4:00,46.56,41.39,33.79,44.46,33.4,0.974,0.168,0.235,0.067,113.5,0.201
5/26/16 5:00,46.56,41.39,33.62,44.42,33.37,0.973,0.168,0.235,0.067,113.8,0.201
5/26/16 6:00,46.56,41.39,33.58,44.39,33.34,0.973,0.168,0.235,0.067,114.8,0.201
5/26/16 7:00,46.56,41.39,33.62,44.35,33.34,0.974,0.168,0.235,0.067,114.9,0.201
5/26/16 8:00,46.55,41.38,33.57,44.29,33.34,0.973,0.168,0.235,0.067,112.9,0.201
5/26/16 9:00,46.57,41.4,33.56,44.26,33.33,0.973,0.168,0.235,0.067,111,0.201
5/26/16 10:00,46.65,41.43,33.54,44.24,33.37,0.973,0.162,0.235,0.067,109,0.201
5/26/16 11:00,46.81,41.48,33.56,44.21,33.39,0.962,0.168,0.235,0.067,108.2,0.201
5/26/16 12:00,47.1,41.52,33.56,44.26,33.39,0.962,0.168,0.218,0.067,107,0.201
5/26/16 13:00,47.03,41.54,33.5,44.27,33.39,0.973,0.168,0.224,0.067,105.8,0.201
5/26/16 14:00,47.02,41.58,33.56,44.27,33.39,0.973,0.168,0.229,0.067,105.5,0.201
5/26/16 15:00,47.03,41.64,33.63,44.3,33.4,0.973,0.168,0.229,0.067,106.6,0.201
5/26/16 16:00,47.1,41.69,33.52,46.5,33.46,0.956,0.162,0.213,0.067,108.8,0.201
5/26/16 17:00,47.04,41.73,32.91,45.06,33.48,0.973,0.162,0.235,0.067,111.7,0.201
5/26/16 18:00,46.85,41.73,32.84,44.49,33.44,0.973,0.168,0.235,0.067,111.9,0.201
5/26/16 19:00,46.6,41.67,32.92,44.38,33.18,0.973,0.168,0.235,0.067,112.2,0.201
5/26/16 20:00,46.35,41.64,33,44.3,33.01,0.973,0.168,0.235,0.067,112.7,0.201
5/26/16 21:00,46.12,41.56,32.86,44.19,32.83,0.996,0.168,0.235,0.067,112.7,0.201
5/26/16 22:00,45.9,41.49,32.76,44.05,31.46,1.007,0.168,0.235,0.067,112.2,0.201
5/26/16 23:00,45.7,41.4,32.79,43.92,29.85,1.007,0.168,0.235,0.067,111.9,0.201
5/27/16 0:00,45.53,41.28,32.83,43.79,26.39,1.007,0.168,0.235,0.067,112.2,0.201
5/27/16 1:00,45.33,41.14,32.88,43.64,26.16,1.007,0.168,0.235,0.067,112,0.201
5/27/16 2:00,45.16,40.98,33,43.53,23.3,1.007,0.168,0.235,0.067,112,0.201
5/27/16 3:00,44.99,40.84,33.11,43.42,24.47,1.007,0.168,0.235,0.067,112.1,0.201
5/27/16 4:00,44.85,40.73,33.22,43.32,25.45,1.007,0.168,0.235,0.067,112.2,0.201
5/27/16 5:00,44.75,40.66,33.31,43.24,22.29,1.007,0.168,0.235,0.067,112.3,0.201
5/27/16 6:00,44.68,40.66,33.42,43.17,23.34,1.007,0.168,0.235,0.067,112.2,0.201
5/27/16 7:00,44.61,40.61,33.55,43.07,26.84,1.007,0.168,0.235,0.067,111.8,0.201
5/27/16 8:00,44.61,40.59,33.69,43,28.33,1.007,0.168,0.235,0.067,110.6,0.201
5/27/16 9:00,44.62,40.61,33.9,42.91,31.17,0.99,0.168,0.235,0.067,109,0.201
5/27/16 10:00,44.7,40.65,33.89,42.93,30.95,0.973,0.168,0.207,0.067,108,0.201
5/27/16 11:00,44.68,40.65,33.9,42.98,30.03,1.007,0.168,0.235,0.067,107.6,0.201
5/27/16 12:00,44.72,40.65,33.9,43.03,25.4,1.007,0.168,0.229,0.067,106.9,0.201
5/27/16 13:00,44.78,40.65,33.83,43.09,30.06,1.007,0.168,0.235,0.067,107,0.201
5/27/16 14:00,44.83,40.64,33.85,43.2,31.03,1.007,0.168,0.235,0.067,106.5,0.201
5/27/16 15:00,44.92,40.64,33.88,43.31,31.39,0.99,0.168,0.229,0.067,107,0.201
5/27/16 16:00,45.01,40.66,33.84,43.44,31.74,0.973,0.162,0.207,0.067,107.1,0.201
5/27/16 17:00,45.08,40.73,33.75,43.54,31.88,0.973,0.168,0.224,0.067,107.5,0.201